Workbook

Sheet Оценка накоп эффекта
A1: time_period | B1: real_treatment | C1: excluded_Говядина бескостная, кг | D1: excluded_Свинина (кроме бескостного мяса), кг | E1: excluded_Свинина бескостная, кг | F1: excluded_Баранина (кроме бескостного мяса), кг | G1: excluded_Куры охлажденные и мороженые, кг | H1: excluded_Окорочка куриные, кг | I1: excluded_Мясо индейки,кг | J1: excluded_Печень говяжья, свиная, кг | K1: excluded_Фарш мясной, кг | L1: excluded_Пельмени, манты, равиоли, кг | M1: excluded_Сосиски, сардельки, кг | N1: excluded_Колбаса полукопченая и варено-копченая, кг | O1: excluded_Колбаса сырокопченая, кг | P1: excluded_Колбаса вареная, кг | Q1: excluded_Кулинарные изделия из птицы, кг | R1: excluded_Консервы мясные, кг | S1: excluded_Консервы мясные для детского питания, кг | T1: excluded_Рыба живая и охлажденная, кг | U1: excluded_Рыба соленая, маринованная, копченая, кг | V1: excluded_Рыба мороженая разделанная (кроме лососевых пород), кг | W1: excluded_Рыба мороженая неразделанная, кг | X1: excluded_Филе рыбное, кг | Y1: excluded_Креветки мороженые неразделанные, кг | Z1: excluded_Кальмары мороженые,кг | AA1: excluded_Сельдь соленая, кг | AB1: excluded_Филе сельди соленое, кг | AC1: excluded_Консервы рыбные натуральные и с добавлением масла, кг | AD1: excluded_Консервы рыбные в томатном соусе, кг | AE1: excluded_Масло сливочное, кг | AF1: excluded_Масло подсолнечное, л | AG1: excluded_Масло оливковое, л | AH1: excluded_Маргарин, кг | AI1: excluded_Молоко питьевое цельное пастеризованное 2,5-3,2% жирности, л | AJ1: excluded_Молоко питьевое цельное пастеризованное более 3,2% жирности, л | AK1: excluded_Сметана, кг | AL1: excluded_Кисломолочные продукты, кг | AM1: excluded_Йогурт, кг | AN1: excluded_Сливки питьевые, л | AO1: excluded_Творог, кг | AP1: excluded_Молоко сгущенное с сахаром, кг | AQ1: excluded_Молоко для детей, л | AR1: excluded_Творожок детский, кг | AS1: excluded_Смеси сухие молочные для детского питания, кг | AT1: excluded_Национальные сыры и брынза, кг | AU1: excluded_Консервы овощные для детского питания, кг | AV1: excluded_Соки фруктовые, л | AW1: excluded_Консервы фруктово-ягодные для детского питания, кг | AX1: excluded_Соль поваренная пищевая, кг | AY1: excluded_Мука пшеничная, кг | AZ1: excluded_Хлеб из ржаной муки и из смеси муки ржаной и пшеничной, кг | BA1: excluded_Хлеб и булочные изделия из пшеничной муки различных сортов, кг | BB1: excluded_Булочные изделия сдобные из муки высшего сорта штучные, кг | BC1: excluded_Бараночные изделия, кг | BD1: excluded_Хлопья из злаков (сухие завтраки), кг | BE1: excluded_Крупа манная, кг | BF1: excluded_Горох и фасоль, кг | BG1: excluded_Крупы овсяная и перловая, кг | BH1: excluded_Овсяные хлопья "Геркулес", кг | BI1: excluded_Вермишель, кг | BJ1: excluded_Макаронные изделия из пшеничной муки высшего сорта, кг | BK1: excluded_Ягоды замороженные, кг | BL1: excluded_Мороженое сливочное, кг | BM1: excluded_Куртка для детей школьного возраста с верхом из плащевых тканей утепленная, шт. | BN1: excluded_Брюки для детей школьного возраста из полушерстяных тканей, шт. | BO1: excluded_Брюки для детей школьного возраста из джинсовой ткани, шт. | BP1: excluded_Рубашка верхняя для мальчиков школьного возраста, шт. | BQ1: excluded_Платье (платье-костюм, сарафан) для девочек школьного возраста, шт. | BR1: excluded_Блузка для девочек школьного возраста, шт. | BS1: excluded_Юбка для девочек школьного возраста, шт. | BT1: excluded_Куртка для детей дошкольного возраста с верхом из плащевых тканей утепленная, шт. | BU1: excluded_Комбинезон (костюм) утепленный для детей дошкольного возраста, шт. | BV1: excluded_Рубашка верхняя для мальчиков дошкольного возраста, шт. | BW1: excluded_Платье (сарафан) летнее для девочек дошкольного возраста, шт. | BX1: excluded_Комбинезон утепленный для детей до одного года, шт. | BY1: excluded_Пеленки для новорожденных, шт. | BZ1: excluded_Ползунки из хлопчатобумажного трикотажного полотна, шт. | CA1: excluded_Белье для новорожденных и детей ясельного возраста, шт. | CB1: excluded_Джемпер для детей школьного возраста, шт. | CC1: excluded_Костюм спортивный для детей школьного возраста, шт. | CD1: excluded_Костюм трикотажный для детей ясельного возраста, шт. | CE1: excluded_Трикотажная шапочка детская, шт. | CF1: excluded_Варежки (перчатки) детские, пара | CG1: excluded_Футболка детская, шт. | CH1: excluded_Трусы детские, шт. | CI1: excluded_Колготки детские, шт. | CJ1: excluded_Носки, гольфы детские, пара | CK1: excluded_Ботинки, полуботинки для детей школьного возраста, пара | CL1: excluded_Ботинки, полуботинки для детей дошкольного возраста, пара | CM1: excluded_Туфли детские летние (сандалеты), пара | CN1: excluded_Обувь домашняя с текстильным верхом для детей, пара | CO1: excluded_Сапоги цельнорезиновые для детей, пара | CP1: excluded_Коляска для новорожденного, шт. | CQ1: excluded_Матрас детский, шт. | CR1: excluded_Кровать для новорожденных,шт. | CS1: excluded_Тетрадь школьная, шт. | CT1: excluded_Альбом для рисования, шт. | CU1: excluded_Подгузники детские бумажные, 10 шт. | CV1: excluded_Набор фломастеров, набор | CW1: excluded_Газета в розницу, шт. | CX1: excluded_Книга художественная, шт. | CY1: excluded_Учебник, учебное пособие, дидактический материал для общеобразовательной школы, шт. | CZ1: excluded_Игрушки пластмассовые для детей ясельного возраста, шт. | DA1: excluded_Игрушки мягкие, шт. | DB1: excluded_Конструктор детский пластмассовый, набор | DC1: excluded_Корригирующие очки, шт. | DD1: excluded_Термометр медицинский электронный стандартный,шт. | DE1: excluded_Аппарат для измерения артериального давления электронный, шт. | DF1: excluded_Шприцы одноразовые, шт. | DG1: excluded_Термометр медицинский безртутный (галинстановый), шт. | DH1: excluded_Метамизол натрия, 10 таблеток | DI1: excluded_Нимесулид, 10 таблеток | DJ1: excluded_Активированный уголь, 250 мг, 10 таблеток | DK1: excluded_Нафазолин, 0,1%, 15 мл | DL1: excluded_Ренгалин, 20 таблеток | DM1: excluded_Йод, 10 мл | DN1: excluded_Левомеколь, мазь, 40 г | DO1: excluded_Мирамистин, 0,01%, 150 мл | DP1: excluded_Валерианы экстракт, 10 таблеток | DQ1: excluded_Валидол, 60 мг, 10 таблеток | DR1: excluded_Корвалол, 25 мл | DS1: excluded_Троксерутин, 2% гель, 40 г | DT1: excluded_Таурин, 4%, 5мл | DU1: excluded_Метилурацил, 10% мазь, 25 г | DV1: excluded_Бинт, шт. | DW1: excluded_Изготовление гроба, шт. | DX1: excluded_Аренда однокомнатной квартиры у частных лиц, месяц | DY1: excluded_Аренда двухкомнатной квартиры у частных лиц, месяц | DZ1: excluded_Проживание в студенческом общежитии, месяц | EA1: excluded_Посещение детского ясли-сада, день | EB1: excluded_Обучение в негосударственных общеобразовательных организациях, месяц | EC1: excluded_Дополнительные занятия в государственных и муниципальных общеобразовательных организациях очной формы обучения, академический час | ED1: excluded_Обучение в образовательных организациях среднего профессионального образования, семестр | EE1: excluded_Кинотеатры, билет | EF1: excluded_Театры, билет | EG1: excluded_Музеи и выставки, билет | EH1: excluded_Первичный консультативный прием у врача специалиста, посещение | EI1: excluded_Ультразвуковое исследование брюшной полости, исследование | EJ1: excluded_Диагностика на магнитно-резонансном или компьютерном томографе, услуга | EK1: excluded_Гастроскопия (ФГДС, ЭГДС), услуга | EL1: excluded_Физиотерапевтическое лечение, процедура | EM1: excluded_Общий анализ крови, анализ | EN1: excluded_Пребывание пациента в круглосуточном стационаре,койко день | EO1: excluded_Первичный консультативный осмотр больного у стоматолога, посещение | EP1: excluded_Удаление зуба под местным обезболиванием, удаление | EQ1: excluded_Изготовление съёмного протеза, протез | ER1: excluded_Изготовление коронки, шт. | ES1: excluded_Лечебный массаж, сеанс | ET1: excluded_Услуги сиделок, час | EU1: excluded_Плата за пользование потребительским кредитом (процентная ставка в стоимостном выражении), руб. | EV1: excluded_Годовая стоимость полиса добровольного страхования жилья от стандартных рисков, полис | EW1: excluded_Годовая стоимость полиса добровольного страхования легкового автомобиля от стандартных рисков, полис | EX1: excluded_Занятия в плавательных бассейнах, месяц | EY1: excluded_Клубная карта в фитнес-клуб, месяц
A2: 33 | C2: =(SC!$B34-SC!C34)/SC!C34*100 -> 1.8416269e-09 | D2: =(SC!$B34-SC!D34)/SC!D34*100 -> 1.6707857e-09 | E2: =(SC!$B34-SC!E34)/SC!E34*100 -> 1.7216006e-09 | F2: =(SC!$B34-SC!F34)/SC!F34*100 -> 1.9841573e-09 | G2: =(SC!$B34-SC!G34)/SC!G34*100 -> 2.0912716e-09 | H2: =(SC!$B34-SC!H34)/SC!H34*100 -> 1.7456259e-09 | I2: =(SC!$B34-SC!I34)/SC!I34*100 -> 2.3988145e-09 | J2: =(SC!$B34-SC!J34)/SC!J34*100 -> 1.9810598e-09 | ... EY2: =(SC!$B34-SC!EY34)/SC!EY34*100 -> 1.7577717e-09
A3: 34 | C3: =(SC!$B35-SC!C35)/SC!C35*100 -> 0.19276446 | D3: =(SC!$B35-SC!D35)/SC!D35*100 -> 0.2174756 | E3: =(SC!$B35-SC!E35)/SC!E35*100 -> 0.18458427 | F3: =(SC!$B35-SC!F35)/SC!F35*100 -> 0.15810044 | G3: =(SC!$B35-SC!G35)/SC!G35*100 -> 0.21272422 | H3: =(SC!$B35-SC!H35)/SC!H35*100 -> 0.18395805 | I3: =(SC!$B35-SC!I35)/SC!I35*100 -> 0.24701578 | J3: =(SC!$B35-SC!J35)/SC!J35*100 -> 0.19696196 | ... EY3: =(SC!$B35-SC!EY35)/SC!EY35*100 -> 0.19263364
A4: 35 | C4: =(SC!$B36-SC!C36)/SC!C36*100 -> 0.2857462 | D4: =(SC!$B36-SC!D36)/SC!D36*100 -> 0.32379337 | E4: =(SC!$B36-SC!E36)/SC!E36*100 -> 0.27269174 | F4: =(SC!$B36-SC!F36)/SC!F36*100 -> 0.23302792 | G4: =(SC!$B36-SC!G36)/SC!G36*100 -> 0.30643002 | H4: =(SC!$B36-SC!H36)/SC!H36*100 -> 0.2682194 | I4: =(SC!$B36-SC!I36)/SC!I36*100 -> 0.54375419 | J4: =(SC!$B36-SC!J36)/SC!J36*100 -> 0.29106809 | ... EY4: =(SC!$B36-SC!EY36)/SC!EY36*100 -> 0.28423957
A5: 36 | C5: =(SC!$B37-SC!C37)/SC!C37*100 -> 0.42371271 | D5: =(SC!$B37-SC!D37)/SC!D37*100 -> 0.46998727 | E5: =(SC!$B37-SC!E37)/SC!E37*100 -> 0.40521362 | F5: =(SC!$B37-SC!F37)/SC!F37*100 -> 0.355213 | G5: =(SC!$B37-SC!G37)/SC!G37*100 -> 0.45287865 | H5: =(SC!$B37-SC!H37)/SC!H37*100 -> 0.39582367 | I5: =(SC!$B37-SC!I37)/SC!I37*100 -> 0.7717989 | J5: =(SC!$B37-SC!J37)/SC!J37*100 -> 0.4303469 | ... EY5: =(SC!$B37-SC!EY37)/SC!EY37*100 -> 0.42008179
A6: 37 | C6: =(SC!$B38-SC!C38)/SC!C38*100 -> 0.83505724 | D6: =(SC!$B38-SC!D38)/SC!D38*100 -> 0.8963698 | E6: =(SC!$B38-SC!E38)/SC!E38*100 -> 0.81645801 | F6: =(SC!$B38-SC!F38)/SC!F38*100 -> 0.73341684 | G6: =(SC!$B38-SC!G38)/SC!G38*100 -> 0.87892241 | H6: =(SC!$B38-SC!H38)/SC!H38*100 -> 0.80508432 | I6: =(SC!$B38-SC!I38)/SC!I38*100 -> 1.3224033 | J6: =(SC!$B38-SC!J38)/SC!J38*100 -> 0.84539839 | ... EY6: =(SC!$B38-SC!EY38)/SC!EY38*100 -> 0.83083066
A7: 38 | C7: =(SC!$B39-SC!C39)/SC!C39*100 -> 1.1421336 | D7: =(SC!$B39-SC!D39)/SC!D39*100 -> 1.2133832 | E7: =(SC!$B39-SC!E39)/SC!E39*100 -> 1.1156175 | F7: =(SC!$B39-SC!F39)/SC!F39*100 -> 1.0760161 | G7: =(SC!$B39-SC!G39)/SC!G39*100 -> 1.193545 | H7: =(SC!$B39-SC!H39)/SC!H39*100 -> 1.1060482 | I7: =(SC!$B39-SC!I39)/SC!I39*100 -> 1.7412476 | J7: =(SC!$B39-SC!J39)/SC!J39*100 -> 1.1533319 | ... EY7: =(SC!$B39-SC!EY39)/SC!EY39*100 -> 1.1346774
A8: 39 | C8: =(SC!$B40-SC!C40)/SC!C40*100 -> 1.2848648 | D8: =(SC!$B40-SC!D40)/SC!D40*100 -> 1.3853412 | E8: =(SC!$B40-SC!E40)/SC!E40*100 -> 1.2521092 | F8: =(SC!$B40-SC!F40)/SC!F40*100 -> 1.1819421 | G8: =(SC!$B40-SC!G40)/SC!G40*100 -> 1.3525471 | H8: =(SC!$B40-SC!H40)/SC!H40*100 -> 1.2483692 | I8: =(SC!$B40-SC!I40)/SC!I40*100 -> 2.0179926 | J8: =(SC!$B40-SC!J40)/SC!J40*100 -> 1.3004 | ... EY8: =(SC!$B40-SC!EY40)/SC!EY40*100 -> 1.2779198
A9: 40 | C9: =(SC!$B41-SC!C41)/SC!C41*100 -> 1.3980783 | D9: =(SC!$B41-SC!D41)/SC!D41*100 -> 1.505777 | E9: =(SC!$B41-SC!E41)/SC!E41*100 -> 1.3608003 | F9: =(SC!$B41-SC!F41)/SC!F41*100 -> 1.3032578 | G9: =(SC!$B41-SC!G41)/SC!G41*100 -> 1.4689764 | H9: =(SC!$B41-SC!H41)/SC!H41*100 -> 1.3593054 | I9: =(SC!$B41-SC!I41)/SC!I41*100 -> 2.1361554 | J9: =(SC!$B41-SC!J41)/SC!J41*100 -> 1.4140442 | ... EY9: =(SC!$B41-SC!EY41)/SC!EY41*100 -> 1.3870152
A11: Для накоп эффекта | K11: Эффект из статистик накоп эффекта
B12: МЕДИАНА | C12: СРЕДНЕЕ | D12: 2,5% процентиль | E12: 97,5% процентиль | F12: 1% процентиль | G12: 99% процентиль | H12: МИН | I12: МАКС | L12: МЕДИАНА | M12: СРЕДНЕЕ | N12: 2,5% процентиль | O12: 97,5% процентиль | P12: 1% процентиль | Q12: 99% процентиль | R12: МИН | S12: МАКС
A13: 34 | B13: =MEDIAN(C3:EY3) -> 0.19332441 | C13: =AVERAGE(C3:EY3) -> 0.1948161 | D13: =_xlfn.PERCENTILE.EXC(C3:EY3, 0.025) -> 0.15514758 | E13: =_xlfn.PERCENTILE.EXC(C3:EY3, 0.975) -> 0.23389644 | F13: =_xlfn.PERCENTILE.EXC(C3:EY3, 0.01) -> 0.11594839 | G13: =_xlfn.PERCENTILE.EXC(C3:EY3, 0.99) -> 0.25982181 | H13: =MIN(C3:EY3) -> 0.11335781 | I13: =MAX(C3:EY3) -> 0.26520925 | K13: 34 | L13: =B13 -> 0.19332441 | M13: =C13 -> 0.1948161 | N13: =D13 -> 0.15514758 | O13: =E13 -> 0.23389644 | P13: =F13 -> 0.11594839 | Q13: =G13 -> 0.25982181 | R13: =H13 -> 0.11335781 | S13: =I13 -> 0.26520925
A14: 35 | B14: =MEDIAN(C4:EY4) -> 0.28545894 | C14: =AVERAGE(C4:EY4) -> 0.28917119 | D14: =_xlfn.PERCENTILE.EXC(C4:EY4, 0.025) -> 0.20133928 | E14: =_xlfn.PERCENTILE.EXC(C4:EY4, 0.975) -> 0.36932585 | F14: =_xlfn.PERCENTILE.EXC(C4:EY4, 0.01) -> 0.17531921 | G14: =_xlfn.PERCENTILE.EXC(C4:EY4, 0.99) -> 0.50272627 | H14: =MIN(C4:EY4) -> 0.16299817 | I14: =MAX(C4:EY4) -> 0.54375419 | K14: 35 | L14: =B14-B13 -> 0.092134527 | M14: =C14-C13 -> 0.094355087 | N14: =D14-D13 -> 0.0461917 | O14: =E14-E13 -> 0.1354294 | P14: =F14-F13 -> 0.059370815 | Q14: =G14-G13 -> 0.24290446 | R14: =H14-H13 -> 0.049640362 | S14: =I14-I13 -> 0.27854494
A15: 36 | B15: =MEDIAN(C5:EY5) -> 0.42220395 | C15: =AVERAGE(C5:EY5) -> 0.4285326 | D15: =_xlfn.PERCENTILE.EXC(C5:EY5, 0.025) -> 0.34726908 | E15: =_xlfn.PERCENTILE.EXC(C5:EY5, 0.975) -> 0.55417478 | F15: =_xlfn.PERCENTILE.EXC(C5:EY5, 0.01) -> 0.29858339 | G15: =_xlfn.PERCENTILE.EXC(C5:EY5, 0.99) -> 0.70702145 | H15: =MIN(C5:EY5) -> 0.28329773 | I15: =MAX(C5:EY5) -> 0.7717989 | K15: 36 | L15: =B15-B14 -> 0.13674501 | M15: =C15-C14 -> 0.13936141 | N15: =D15-D14 -> 0.14592981 | O15: =E15-E14 -> 0.18484894 | P15: =F15-F14 -> 0.12326419 | Q15: =G15-G14 -> 0.20429519 | R15: =H15-H14 -> 0.12029956 | S15: =I15-I14 -> 0.22804471
A16: 37 | B16: =MEDIAN(C6:EY6) -> 0.83405848 | C16: =AVERAGE(C6:EY6) -> 0.84283583 | D16: =_xlfn.PERCENTILE.EXC(C6:EY6, 0.025) -> 0.73421869 | E16: =_xlfn.PERCENTILE.EXC(C6:EY6, 0.975) -> 1.0084061 | F16: =_xlfn.PERCENTILE.EXC(C6:EY6, 0.01) -> 0.67826672 | G16: =_xlfn.PERCENTILE.EXC(C6:EY6, 0.99) -> 1.2028519 | H16: =MIN(C6:EY6) -> 0.66372519 | I16: =MAX(C6:EY6) -> 1.3224033 | K16: 37 | L16: =B16-B15 -> 0.41185453 | M16: =C16-C15 -> 0.41430322 | N16: =D16-D15 -> 0.38694961 | O16: =E16-E15 -> 0.4542313 | P16: =F16-F15 -> 0.37968332 | Q16: =G16-G15 -> 0.49583044 | R16: =H16-H15 -> 0.38042745 | S16: =I16-I15 -> 0.55060441
A17: 38 | B17: =MEDIAN(C7:EY7) -> 1.1405496 | C17: =AVERAGE(C7:EY7) -> 1.153322 | D17: =_xlfn.PERCENTILE.EXC(C7:EY7, 0.025) -> 1.0749952 | E17: =_xlfn.PERCENTILE.EXC(C7:EY7, 0.975) -> 1.3697686 | F17: =_xlfn.PERCENTILE.EXC(C7:EY7, 0.01) -> 1.0018247 | G17: =_xlfn.PERCENTILE.EXC(C7:EY7, 0.99) -> 1.5808064 | H17: =MIN(C7:EY7) -> 0.99039875 | I17: =MAX(C7:EY7) -> 1.7412476 | K17: 38 | L17: =B17-B16 -> 0.30649108 | M17: =C17-C16 -> 0.31048619 | N17: =D17-D16 -> 0.34077651 | O17: =E17-E16 -> 0.36136248 | P17: =F17-F16 -> 0.32355799 | Q17: =G17-G16 -> 0.37795447 | R17: =H17-H16 -> 0.32667357 | S17: =I17-I16 -> 0.41884428
A18: 39 | B18: =MEDIAN(C8:EY8) -> 1.2839241 | C18: =AVERAGE(C8:EY8) -> 1.3006512 | D18: =_xlfn.PERCENTILE.EXC(C8:EY8, 0.025) -> 1.1841625 | E18: =_xlfn.PERCENTILE.EXC(C8:EY8, 0.975) -> 1.5686394 | F18: =_xlfn.PERCENTILE.EXC(C8:EY8, 0.01) -> 1.1039123 | G18: =_xlfn.PERCENTILE.EXC(C8:EY8, 0.99) -> 1.8419559 | H18: =MIN(C8:EY8) -> 1.0145891 | I18: =MAX(C8:EY8) -> 2.0179926 | K18: 39 | L18: =B18-B17 -> 0.14337455 | M18: =C18-C17 -> 0.14732919 | N18: =D18-D17 -> 0.10916733 | O18: =E18-E17 -> 0.19887085 | P18: =F18-F17 -> 0.10208757 | Q18: =G18-G17 -> 0.26114952 | R18: =H18-H17 -> 0.024190325 | S18: =I18-I17 -> 0.27674504
A19: 40 | B19: =MEDIAN(C9:EY9) -> 1.3957846 | C19: =AVERAGE(C9:EY9) -> 1.4131469 | D19: =_xlfn.PERCENTILE.EXC(C9:EY9, 0.025) -> 1.3206936 | E19: =_xlfn.PERCENTILE.EXC(C9:EY9, 0.975) -> 1.6953952 | F19: =_xlfn.PERCENTILE.EXC(C9:EY9, 0.01) -> 1.1840691 | G19: =_xlfn.PERCENTILE.EXC(C9:EY9, 0.99) -> 1.9961969 | H19: =MIN(C9:EY9) -> 1.0658297 | I19: =MAX(C9:EY9) -> 2.1361554 | K19: 40 | L19: =B19-B18 -> 0.11186054 | M19: =C19-C18 -> 0.11249566 | N19: =D19-D18 -> 0.13653108 | O19: =E19-E18 -> 0.1267558 | P19: =F19-F18 -> 0.080156839 | Q19: =G19-G18 -> 0.15424098 | R19: =H19-H18 -> 0.051240632 | S19: =I19-I18 -> 0.11816273
A22: time_period | B22: real_treatment | C22: excluded_Говядина бескостная, кг | D22: excluded_Свинина (кроме бескостного мяса), кг | E22: excluded_Свинина бескостная, кг | F22: excluded_Баранина (кроме бескостного мяса), кг | G22: excluded_Куры охлажденные и мороженые, кг | H22: excluded_Окорочка куриные, кг | I22: excluded_Мясо индейки,кг | J22: excluded_Печень говяжья, свиная, кг | K22: excluded_Фарш мясной, кг | L22: excluded_Пельмени, манты, равиоли, кг | M22: excluded_Сосиски, сардельки, кг | N22: excluded_Колбаса полукопченая и варено-копченая, кг | O22: excluded_Колбаса сырокопченая, кг | P22: excluded_Колбаса вареная, кг | Q22: excluded_Кулинарные изделия из птицы, кг | R22: excluded_Консервы мясные, кг | S22: excluded_Консервы мясные для детского питания, кг | T22: excluded_Рыба живая и охлажденная, кг | U22: excluded_Рыба соленая, маринованная, копченая, кг | V22: excluded_Рыба мороженая разделанная (кроме лососевых пород), кг | W22: excluded_Рыба мороженая неразделанная, кг | X22: excluded_Филе рыбное, кг | Y22: excluded_Креветки мороженые неразделанные, кг | Z22: excluded_Кальмары мороженые,кг | AA22: excluded_Сельдь соленая, кг | AB22: excluded_Филе сельди соленое, кг | AC22: excluded_Консервы рыбные натуральные и с добавлением масла, кг | AD22: excluded_Консервы рыбные в томатном соусе, кг | AE22: excluded_Масло сливочное, кг | AF22: excluded_Масло подсолнечное, л | AG22: excluded_Масло оливковое, л | AH22: excluded_Маргарин, кг | AI22: excluded_Молоко питьевое цельное пастеризованное 2,5-3,2% жирности, л | AJ22: excluded_Молоко питьевое цельное пастеризованное более 3,2% жирности, л | AK22: excluded_Сметана, кг | AL22: excluded_Кисломолочные продукты, кг | AM22: excluded_Йогурт, кг | AN22: excluded_Сливки питьевые, л | AO22: excluded_Творог, кг | AP22: excluded_Молоко сгущенное с сахаром, кг | AQ22: excluded_Молоко для детей, л | AR22: excluded_Творожок детский, кг | AS22: excluded_Смеси сухие молочные для детского питания, кг | AT22: excluded_Национальные сыры и брынза, кг | AU22: excluded_Консервы овощные для детского питания, кг | AV22: excluded_Соки фруктовые, л | AW22: excluded_Консервы фруктово-ягодные для детского питания, кг | AX22: excluded_Соль поваренная пищевая, кг | AY22: excluded_Мука пшеничная, кг | AZ22: excluded_Хлеб из ржаной муки и из смеси муки ржаной и пшеничной, кг | BA22: excluded_Хлеб и булочные изделия из пшеничной муки различных сортов, кг | BB22: excluded_Булочные изделия сдобные из муки высшего сорта штучные, кг | BC22: excluded_Бараночные изделия, кг | BD22: excluded_Хлопья из злаков (сухие завтраки), кг | BE22: excluded_Крупа манная, кг | BF22: excluded_Горох и фасоль, кг | BG22: excluded_Крупы овсяная и перловая, кг | BH22: excluded_Овсяные хлопья "Геркулес", кг | BI22: excluded_Вермишель, кг | BJ22: excluded_Макаронные изделия из пшеничной муки высшего сорта, кг | BK22: excluded_Ягоды замороженные, кг | BL22: excluded_Мороженое сливочное, кг | BM22: excluded_Куртка для детей школьного возраста с верхом из плащевых тканей утепленная, шт. | BN22: excluded_Брюки для детей школьного возраста из полушерстяных тканей, шт. | BO22: excluded_Брюки для детей школьного возраста из джинсовой ткани, шт. | BP22: excluded_Рубашка верхняя для мальчиков школьного возраста, шт. | BQ22: excluded_Платье (платье-костюм, сарафан) для девочек школьного возраста, шт. | BR22: excluded_Блузка для девочек школьного возраста, шт. | BS22: excluded_Юбка для девочек школьного возраста, шт. | BT22: excluded_Куртка для детей дошкольного возраста с верхом из плащевых тканей утепленная, шт. | BU22: excluded_Комбинезон (костюм) утепленный для детей дошкольного возраста, шт. | BV22: excluded_Рубашка верхняя для мальчиков дошкольного возраста, шт. | BW22: excluded_Платье (сарафан) летнее для девочек дошкольного возраста, шт. | BX22: excluded_Комбинезон утепленный для детей до одного года, шт. | BY22: excluded_Пеленки для новорожденных, шт. | BZ22: excluded_Ползунки из хлопчатобумажного трикотажного полотна, шт. | CA22: excluded_Белье для новорожденных и детей ясельного возраста, шт. | CB22: excluded_Джемпер для детей школьного возраста, шт. | CC22: excluded_Костюм спортивный для детей школьного возраста, шт. | CD22: excluded_Костюм трикотажный для детей ясельного возраста, шт. | CE22: excluded_Трикотажная шапочка детская, шт. | CF22: excluded_Варежки (перчатки) детские, пара | CG22: excluded_Футболка детская, шт. | CH22: excluded_Трусы детские, шт. | CI22: excluded_Колготки детские, шт. | CJ22: excluded_Носки, гольфы детские, пара | CK22: excluded_Ботинки, полуботинки для детей школьного возраста, пара | CL22: excluded_Ботинки, полуботинки для детей дошкольного возраста, пара | CM22: excluded_Туфли детские летние (сандалеты), пара | CN22: excluded_Обувь домашняя с текстильным верхом для детей, пара | CO22: excluded_Сапоги цельнорезиновые для детей, пара | CP22: excluded_Коляска для новорожденного, шт. | CQ22: excluded_Матрас детский, шт. | CR22: excluded_Кровать для новорожденных,шт. | CS22: excluded_Тетрадь школьная, шт. | CT22: excluded_Альбом для рисования, шт. | CU22: excluded_Подгузники детские бумажные, 10 шт. | CV22: excluded_Набор фломастеров, набор | CW22: excluded_Газета в розницу, шт. | CX22: excluded_Книга художественная, шт. | CY22: excluded_Учебник, учебное пособие, дидактический материал для общеобразовательной школы, шт. | CZ22: excluded_Игрушки пластмассовые для детей ясельного возраста, шт. | DA22: excluded_Игрушки мягкие, шт. | DB22: excluded_Конструктор детский пластмассовый, набор | DC22: excluded_Корригирующие очки, шт. | DD22: excluded_Термометр медицинский электронный стандартный,шт. | DE22: excluded_Аппарат для измерения артериального давления электронный, шт. | DF22: excluded_Шприцы одноразовые, шт. | DG22: excluded_Термометр медицинский безртутный (галинстановый), шт. | DH22: excluded_Метамизол натрия, 10 таблеток | DI22: excluded_Нимесулид, 10 таблеток | DJ22: excluded_Активированный уголь, 250 мг, 10 таблеток | DK22: excluded_Нафазолин, 0,1%, 15 мл | DL22: excluded_Ренгалин, 20 таблеток | DM22: excluded_Йод, 10 мл | DN22: excluded_Левомеколь, мазь, 40 г | DO22: excluded_Мирамистин, 0,01%, 150 мл | DP22: excluded_Валерианы экстракт, 10 таблеток | DQ22: excluded_Валидол, 60 мг, 10 таблеток | DR22: excluded_Корвалол, 25 мл | DS22: excluded_Троксерутин, 2% гель, 40 г | DT22: excluded_Таурин, 4%, 5мл | DU22: excluded_Метилурацил, 10% мазь, 25 г | DV22: excluded_Бинт, шт. | DW22: excluded_Изготовление гроба, шт. | DX22: excluded_Аренда однокомнатной квартиры у частных лиц, месяц | DY22: excluded_Аренда двухкомнатной квартиры у частных лиц, месяц | DZ22: excluded_Проживание в студенческом общежитии, месяц | EA22: excluded_Посещение детского ясли-сада, день | EB22: excluded_Обучение в негосударственных общеобразовательных организациях, месяц | EC22: excluded_Дополнительные занятия в государственных и муниципальных общеобразовательных организациях очной формы обучения, академический час | ED22: excluded_Обучение в образовательных организациях среднего профессионального образования, семестр | EE22: excluded_Кинотеатры, билет | EF22: excluded_Театры, билет | EG22: excluded_Музеи и выставки, билет | EH22: excluded_Первичный консультативный прием у врача специалиста, посещение | EI22: excluded_Ультразвуковое исследование брюшной полости, исследование | EJ22: excluded_Диагностика на магнитно-резонансном или компьютерном томографе, услуга | EK22: excluded_Гастроскопия (ФГДС, ЭГДС), услуга | EL22: excluded_Физиотерапевтическое лечение, процедура | EM22: excluded_Общий анализ крови, анализ | EN22: excluded_Пребывание пациента в круглосуточном стационаре,койко день | EO22: excluded_Первичный консультативный осмотр больного у стоматолога, посещение | EP22: excluded_Удаление зуба под местным обезболиванием, удаление | EQ22: excluded_Изготовление съёмного протеза, протез | ER22: excluded_Изготовление коронки, шт. | ES22: excluded_Лечебный массаж, сеанс | ET22: excluded_Услуги сиделок, час | EU22: excluded_Плата за пользование потребительским кредитом (процентная ставка в стоимостном выражении), руб. | EV22: excluded_Годовая стоимость полиса добровольного страхования жилья от стандартных рисков, полис | EW22: excluded_Годовая стоимость полиса добровольного страхования легкового автомобиля от стандартных рисков, полис | EX22: excluded_Занятия в плавательных бассейнах, месяц | EY22: excluded_Клубная карта в фитнес-клуб, месяц
A23: 33 | C23: =C2 -> 1.8416269e-09 | D23: =D2 -> 1.6707857e-09 | E23: =E2 -> 1.7216006e-09 | F23: =F2 -> 1.9841573e-09 | G23: =G2 -> 2.0912716e-09 | H23: =H2 -> 1.7456259e-09 | I23: =I2 -> 2.3988145e-09 | J23: =J2 -> 1.9810598e-09 | ... EY23: =EY2 -> 1.7577717e-09
A24: 34 | C24: =C3-C2 -> 0.19276446 | D24: =D3-D2 -> 0.2174756 | E24: =E3-E2 -> 0.18458427 | F24: =F3-F2 -> 0.15810044 | G24: =G3-G2 -> 0.21272422 | H24: =H3-H2 -> 0.18395805 | I24: =I3-I2 -> 0.24701578 | J24: =J3-J2 -> 0.19696196 | ... EY24: =EY3-EY2 -> 0.19263364
A25: 35 | C25: =C4-C3 -> 0.092981732 | D25: =D4-D3 -> 0.10631777 | E25: =E4-E3 -> 0.088107471 | F25: =F4-F3 -> 0.074927477 | G25: =G4-G3 -> 0.093705793 | H25: =H4-H3 -> 0.084261357 | I25: =I4-I3 -> 0.29673841 | J25: =J4-J3 -> 0.094106134 | ... EY25: =EY4-EY3 -> 0.091605927
A26: 36 | C26: =C5-C4 -> 0.13796651 | D26: =D5-D4 -> 0.14619389 | E26: =E5-E4 -> 0.13252188 | F26: =F5-F4 -> 0.12218508 | G26: =G5-G4 -> 0.14644864 | H26: =H5-H4 -> 0.12760426 | I26: =I5-I4 -> 0.22804471 | J26: =J5-J4 -> 0.1392788 | ... EY26: =EY5-EY4 -> 0.13584222
A27: 37 | C27: =C6-C5 -> 0.41134453 | D27: =D6-D5 -> 0.42638254 | E27: =E6-E5 -> 0.41124438 | F27: =F6-F5 -> 0.37820383 | G27: =G6-G5 -> 0.42604376 | H27: =H6-H5 -> 0.40926065 | I27: =I6-I5 -> 0.55060441 | J27: =J6-J5 -> 0.4150515 | ... EY27: =EY6-EY5 -> 0.41074887
A28: 38 | C28: =C7-C6 -> 0.3070764 | D28: =D7-D6 -> 0.31701336 | E28: =E7-E6 -> 0.29915951 | F28: =F7-F6 -> 0.3425993 | G28: =G7-G6 -> 0.31462257 | H28: =H7-H6 -> 0.30096387 | I28: =I7-I6 -> 0.41884428 | J28: =J7-J6 -> 0.30793352 | ... EY28: =EY7-EY6 -> 0.30384673
A29: 39 | C29: =C8-C7 -> 0.14273121 | D29: =D8-D7 -> 0.17195808 | E29: =E8-E7 -> 0.13649165 | F29: =F8-F7 -> 0.10592593 | G29: =G8-G7 -> 0.15900208 | H29: =H8-H7 -> 0.14232099 | I29: =I8-I7 -> 0.27674504 | J29: =J8-J7 -> 0.14706805 | ... EY29: =EY8-EY7 -> 0.14324239
A30: 40 | C30: =C9-C8 -> 0.11321344 | D30: =D9-D8 -> 0.12043579 | E30: =E9-E8 -> 0.10869109 | F30: =F9-F8 -> 0.12131572 | G30: =G9-G8 -> 0.11642933 | H30: =H9-H8 -> 0.11093623 | I30: =I9-I8 -> 0.11816273 | J30: =J9-J8 -> 0.11364427 | ... EY30: =EY9-EY8 -> 0.10909544
B33: МЕДИАНА | C33: Среднее | D33: 2,5-й процентиль | E33: 97,5-й процентиль | F33: 1% процентиль | G33: 99% процентиль | H33: МИН | I33: МАКС
A34: 34 | B34: =MEDIAN(C24:EY24) -> 0.19332441 | C34: =AVERAGE(C24:EY24) -> 0.1948161 | D34: =_xlfn.PERCENTILE.EXC(C24:EY24, 0.025) -> 0.15514757 | E34: =_xlfn.PERCENTILE.EXC(C24:EY24, 0.975) -> 0.23389644 | F34: =_xlfn.PERCENTILE.EXC(C24:EY24, 0.01) -> 0.11594839 | G34: =_xlfn.PERCENTILE.EXC(C24:EY24, 0.99) -> 0.25982181 | H34: =MIN(C24:EY24) -> 0.11335781 | I34: =MAX(C24:EY24) -> 0.26520925 | J34: 45931
A35: 35 | B35: =MEDIAN(C25:EY25) -> 0.092562438 | C35: =AVERAGE(C25:EY25) -> 0.094355087 | D35: =_xlfn.PERCENTILE.EXC(C25:EY25, 0.025) -> 0.064956817 | E35: =_xlfn.PERCENTILE.EXC(C25:EY25, 0.975) -> 0.14274421 | F35: =_xlfn.PERCENTILE.EXC(C25:EY25, 0.01) -> 0.031310396 | G35: =_xlfn.PERCENTILE.EXC(C25:EY25, 0.99) -> 0.24588601 | H35: =MIN(C25:EY25) -> 0.011983237 | I35: =MAX(C25:EY25) -> 0.29673841 | J35: 45962
A36: 36 | B36: =MEDIAN(C26:EY26) -> 0.13663639 | C36: =AVERAGE(C26:EY26) -> 0.13936141 | D36: =_xlfn.PERCENTILE.EXC(C26:EY26, 0.025) -> 0.12629989 | E36: =_xlfn.PERCENTILE.EXC(C26:EY26, 0.975) -> 0.18477265 | F36: =_xlfn.PERCENTILE.EXC(C26:EY26, 0.01) -> 0.12131774 | G36: =_xlfn.PERCENTILE.EXC(C26:EY26, 0.99) -> 0.2063569 | H36: =MIN(C26:EY26) -> 0.12029956 | I36: =MAX(C26:EY26) -> 0.22804471 | J36: 45992
A37: 37 | B37: =MEDIAN(C27:EY27) -> 0.41238742 | C37: =AVERAGE(C27:EY27) -> 0.41430322 | D37: =_xlfn.PERCENTILE.EXC(C27:EY27, 0.025) -> 0.38610752 | E37: =_xlfn.PERCENTILE.EXC(C27:EY27, 0.975) -> 0.45115057 | F37: =_xlfn.PERCENTILE.EXC(C27:EY27, 0.01) -> 0.36203635 | G37: =_xlfn.PERCENTILE.EXC(C27:EY27, 0.99) -> 0.50580163 | H37: =MIN(C27:EY27) -> 0.34305713 | I37: =MAX(C27:EY27) -> 0.55060441 | J37: 46023
A38: 38 | B38: =MEDIAN(C28:EY28) -> 0.30651261 | C38: =AVERAGE(C28:EY28) -> 0.31048619 | D38: =_xlfn.PERCENTILE.EXC(C28:EY28, 0.025) -> 0.29451916 | E38: =_xlfn.PERCENTILE.EXC(C28:EY28, 0.975) -> 0.36261136 | F38: =_xlfn.PERCENTILE.EXC(C28:EY28, 0.01) -> 0.28710249 | G38: =_xlfn.PERCENTILE.EXC(C28:EY28, 0.99) -> 0.42116938 | H38: =MIN(C28:EY28) -> 0.28615287 | I38: =MAX(C28:EY28) -> 0.42389885 | J38: 46054
A39: 39 | B39: =MEDIAN(C29:EY29) -> 0.14433178 | C39: =AVERAGE(C29:EY29) -> 0.14732919 | D39: =_xlfn.PERCENTILE.EXC(C29:EY29, 0.025) -> 0.11393164 | E39: =_xlfn.PERCENTILE.EXC(C29:EY29, 0.975) -> 0.20189124 | F39: =_xlfn.PERCENTILE.EXC(C29:EY29, 0.01) -> 0.055247386 | G39: =_xlfn.PERCENTILE.EXC(C29:EY29, 0.99) -> 0.26114952 | H39: =MIN(C29:EY29) -> 0.024190325 | I39: =MAX(C29:EY29) -> 0.27674504 | J39: 46082
A40: 40 | B40: =MEDIAN(C30:EY30) -> 0.11245042 | C40: =AVERAGE(C30:EY30) -> 0.11249566 | D40: =_xlfn.PERCENTILE.EXC(C30:EY30, 0.025) -> 0.086872645 | E40: =_xlfn.PERCENTILE.EXC(C30:EY30, 0.975) -> 0.1382944 | F40: =_xlfn.PERCENTILE.EXC(C30:EY30, 0.01) -> 0.065130334 | G40: =_xlfn.PERCENTILE.EXC(C30:EY30, 0.99) -> 0.16664243 | H40: =MIN(C30:EY30) -> 0.051240632 | I40: =MAX(C30:EY30) -> 0.18497431 | J40: 46113

Sheet SC
A1: time_period | B1: real_treatment | C1: excluded_Говядина бескостная, кг | D1: excluded_Свинина (кроме бескостного мяса), кг | E1: excluded_Свинина бескостная, кг | F1: excluded_Баранина (кроме бескостного мяса), кг | G1: excluded_Куры охлажденные и мороженые, кг | H1: excluded_Окорочка куриные, кг | I1: excluded_Мясо индейки,кг | J1: excluded_Печень говяжья, свиная, кг | K1: excluded_Фарш мясной, кг | L1: excluded_Пельмени, манты, равиоли, кг | M1: excluded_Сосиски, сардельки, кг | N1: excluded_Колбаса полукопченая и варено-копченая, кг | O1: excluded_Колбаса сырокопченая, кг | P1: excluded_Колбаса вареная, кг | Q1: excluded_Кулинарные изделия из птицы, кг | R1: excluded_Консервы мясные, кг | S1: excluded_Консервы мясные для детского питания, кг | T1: excluded_Рыба живая и охлажденная, кг | U1: excluded_Рыба соленая, маринованная, копченая, кг | V1: excluded_Рыба мороженая разделанная (кроме лососевых пород), кг | W1: excluded_Рыба мороженая неразделанная, кг | X1: excluded_Филе рыбное, кг | Y1: excluded_Креветки мороженые неразделанные, кг | Z1: excluded_Кальмары мороженые,кг | AA1: excluded_Сельдь соленая, кг | AB1: excluded_Филе сельди соленое, кг | AC1: excluded_Консервы рыбные натуральные и с добавлением масла, кг | AD1: excluded_Консервы рыбные в томатном соусе, кг | AE1: excluded_Масло сливочное, кг | AF1: excluded_Масло подсолнечное, л | AG1: excluded_Масло оливковое, л | AH1: excluded_Маргарин, кг | AI1: excluded_Молоко питьевое цельное пастеризованное 2,5-3,2% жирности, л | AJ1: excluded_Молоко питьевое цельное пастеризованное более 3,2% жирности, л | AK1: excluded_Сметана, кг | AL1: excluded_Кисломолочные продукты, кг | AM1: excluded_Йогурт, кг | AN1: excluded_Сливки питьевые, л | AO1: excluded_Творог, кг | AP1: excluded_Молоко сгущенное с сахаром, кг | AQ1: excluded_Молоко для детей, л | AR1: excluded_Творожок детский, кг | AS1: excluded_Смеси сухие молочные для детского питания, кг | AT1: excluded_Национальные сыры и брынза, кг | AU1: excluded_Консервы овощные для детского питания, кг | AV1: excluded_Соки фруктовые, л | AW1: excluded_Консервы фруктово-ягодные для детского питания, кг | AX1: excluded_Соль поваренная пищевая, кг | AY1: excluded_Мука пшеничная, кг | AZ1: excluded_Хлеб из ржаной муки и из смеси муки ржаной и пшеничной, кг | BA1: excluded_Хлеб и булочные изделия из пшеничной муки различных сортов, кг | BB1: excluded_Булочные изделия сдобные из муки высшего сорта штучные, кг | BC1: excluded_Бараночные изделия, кг | BD1: excluded_Хлопья из злаков (сухие завтраки), кг | BE1: excluded_Крупа манная, кг | BF1: excluded_Горох и фасоль, кг | BG1: excluded_Крупы овсяная и перловая, кг | BH1: excluded_Овсяные хлопья "Геркулес", кг | BI1: excluded_Вермишель, кг | BJ1: excluded_Макаронные изделия из пшеничной муки высшего сорта, кг | BK1: excluded_Ягоды замороженные, кг | BL1: excluded_Мороженое сливочное, кг | BM1: excluded_Куртка для детей школьного возраста с верхом из плащевых тканей утепленная, шт. | BN1: excluded_Брюки для детей школьного возраста из полушерстяных тканей, шт. | BO1: excluded_Брюки для детей школьного возраста из джинсовой ткани, шт. | BP1: excluded_Рубашка верхняя для мальчиков школьного возраста, шт. | BQ1: excluded_Платье (платье-костюм, сарафан) для девочек школьного возраста, шт. | BR1: excluded_Блузка для девочек школьного возраста, шт. | BS1: excluded_Юбка для девочек школьного возраста, шт. | BT1: excluded_Куртка для детей дошкольного возраста с верхом из плащевых тканей утепленная, шт. | BU1: excluded_Комбинезон (костюм) утепленный для детей дошкольного возраста, шт. | BV1: excluded_Рубашка верхняя для мальчиков дошкольного возраста, шт. | BW1: excluded_Платье (сарафан) летнее для девочек дошкольного возраста, шт. | BX1: excluded_Комбинезон утепленный для детей до одного года, шт. | BY1: excluded_Пеленки для новорожденных, шт. | BZ1: excluded_Ползунки из хлопчатобумажного трикотажного полотна, шт. | CA1: excluded_Белье для новорожденных и детей ясельного возраста, шт. | CB1: excluded_Джемпер для детей школьного возраста, шт. | CC1: excluded_Костюм спортивный для детей школьного возраста, шт. | CD1: excluded_Костюм трикотажный для детей ясельного возраста, шт. | CE1: excluded_Трикотажная шапочка детская, шт. | CF1: excluded_Варежки (перчатки) детские, пара | CG1: excluded_Футболка детская, шт. | CH1: excluded_Трусы детские, шт. | CI1: excluded_Колготки детские, шт. | CJ1: excluded_Носки, гольфы детские, пара | CK1: excluded_Ботинки, полуботинки для детей школьного возраста, пара | CL1: excluded_Ботинки, полуботинки для детей дошкольного возраста, пара | CM1: excluded_Туфли детские летние (сандалеты), пара | CN1: excluded_Обувь домашняя с текстильным верхом для детей, пара | CO1: excluded_Сапоги цельнорезиновые для детей, пара | CP1: excluded_Коляска для новорожденного, шт. | CQ1: excluded_Матрас детский, шт. | CR1: excluded_Кровать для новорожденных,шт. | CS1: excluded_Тетрадь школьная, шт. | CT1: excluded_Альбом для рисования, шт. | CU1: excluded_Подгузники детские бумажные, 10 шт. | CV1: excluded_Набор фломастеров, набор | CW1: excluded_Газета в розницу, шт. | CX1: excluded_Книга художественная, шт. | CY1: excluded_Учебник, учебное пособие, дидактический материал для общеобразовательной школы, шт. | CZ1: excluded_Игрушки пластмассовые для детей ясельного возраста, шт. | DA1: excluded_Игрушки мягкие, шт. | DB1: excluded_Конструктор детский пластмассовый, набор | DC1: excluded_Корригирующие очки, шт. | DD1: excluded_Термометр медицинский электронный стандартный,шт. | DE1: excluded_Аппарат для измерения артериального давления электронный, шт. | DF1: excluded_Шприцы одноразовые, шт. | DG1: excluded_Термометр медицинский безртутный (галинстановый), шт. | DH1: excluded_Метамизол натрия, 10 таблеток | DI1: excluded_Нимесулид, 10 таблеток | DJ1: excluded_Активированный уголь, 250 мг, 10 таблеток | DK1: excluded_Нафазолин, 0,1%, 15 мл | DL1: excluded_Ренгалин, 20 таблеток | DM1: excluded_Йод, 10 мл | DN1: excluded_Левомеколь, мазь, 40 г | DO1: excluded_Мирамистин, 0,01%, 150 мл | DP1: excluded_Валерианы экстракт, 10 таблеток | DQ1: excluded_Валидол, 60 мг, 10 таблеток | DR1: excluded_Корвалол, 25 мл | DS1: excluded_Троксерутин, 2% гель, 40 г | DT1: excluded_Таурин, 4%, 5мл | DU1: excluded_Метилурацил, 10% мазь, 25 г | DV1: excluded_Бинт, шт. | DW1: excluded_Изготовление гроба, шт. | DX1: excluded_Аренда однокомнатной квартиры у частных лиц, месяц | DY1: excluded_Аренда двухкомнатной квартиры у частных лиц, месяц | DZ1: excluded_Проживание в студенческом общежитии, месяц | EA1: excluded_Посещение детского ясли-сада, день | EB1: excluded_Обучение в негосударственных общеобразовательных организациях, месяц | EC1: excluded_Дополнительные занятия в государственных и муниципальных общеобразовательных организациях очной формы обучения, академический час | ED1: excluded_Обучение в образовательных организациях среднего профессионального образования, семестр | EE1: excluded_Кинотеатры, билет | EF1: excluded_Театры, билет | EG1: excluded_Музеи и выставки, билет | EH1: excluded_Первичный консультативный прием у врача специалиста, посещение | EI1: excluded_Ультразвуковое исследование брюшной полости, исследование | EJ1: excluded_Диагностика на магнитно-резонансном или компьютерном томографе, услуга | EK1: excluded_Гастроскопия (ФГДС, ЭГДС), услуга | EL1: excluded_Физиотерапевтическое лечение, процедура | EM1: excluded_Общий анализ крови, анализ | EN1: excluded_Пребывание пациента в круглосуточном стационаре,койко день | EO1: excluded_Первичный консультативный осмотр больного у стоматолога, посещение | EP1: excluded_Удаление зуба под местным обезболиванием, удаление | EQ1: excluded_Изготовление съёмного протеза, протез | ER1: excluded_Изготовление коронки, шт. | ES1: excluded_Лечебный массаж, сеанс | ET1: excluded_Услуги сиделок, час | EU1: excluded_Плата за пользование потребительским кредитом (процентная ставка в стоимостном выражении), руб. | EV1: excluded_Годовая стоимость полиса добровольного страхования жилья от стандартных рисков, полис | EW1: excluded_Годовая стоимость полиса добровольного страхования легкового автомобиля от стандартных рисков, полис | EX1: excluded_Занятия в плавательных бассейнах, месяц | EY1: excluded_Клубная карта в фитнес-клуб, месяц
A2: 1 | B2: 0.8723376 | C2: 0.87230809 | D2: 0.87230758 | E2: 0.87230746 | F2: 0.87229584 | G2: 0.87230985 | H2: 0.8723079 | I2: 0.87232828 | J2: 0.87230877 | K2: 0.87230794 | L2: 0.87230976 | M2: 0.87230713 | N2: 0.87230583 | O2: 0.87230859 | P2: 0.87230793 | Q2: 0.87230813 | R2: 0.87230852 | S2: 0.87230872 | T2: 0.87231081 | U2: 0.87230665 | V2: 0.87230725 | W2: 0.87230657 | X2: 0.87230729 | Y2: 0.8723082 | Z2: 0.87227735 | AA2: 0.87230479 | AB2: 0.87230857 | AC2: 0.87230856 | AD2: 0.87230876 | AE2: 0.87230033 | AF2: 0.87230556 | AG2: 0.87230658 | AH2: 0.87230811 | AI2: 0.87230671 | AJ2: 0.87230926 | AK2: 0.8723059 | AL2: 0.87230787 | AM2: 0.87230886 | AN2: 0.8722893 | AO2: 0.872306 | AP2: 0.8723075 | AQ2: 0.8723097 | AR2: 0.87230649 | AS2: 0.87230707 | AT2: 0.87230754 | AU2: 0.87230893 | AV2: 0.87230805 | AW2: 0.87230753 | AX2: 0.87230619 | AY2: 0.87230785 | AZ2: 0.87230828 | BA2: 0.87230975 | BB2: 0.87230714 | BC2: 0.87230825 | BD2: 0.87231237 | BE2: 0.87229802 | BF2: 0.87230546 | BG2: 0.87228754 | BH2: 0.8723076 | BI2: 0.87230832 | BJ2: 0.87230766 | BK2: 0.87230696 | BL2: 0.87230878 | BM2: 0.87230564 | BN2: 0.87230902 | BO2: 0.87231325 | BP2: 0.87230963 | BQ2: 0.87230873 | BR2: 0.87231069 | BS2: 0.87230935 | BT2: 0.87230884 | BU2: 0.8723059 | BV2: 0.87230881 | BW2: 0.87230863 | BX2: 0.8723052 | BY2: 0.87230804 | BZ2: 0.8723082 | CA2: 0.87230725 | CB2: 0.87230728 | CC2: 0.87230892 | CD2: 0.87229046 | CE2: 0.87230993 | CF2: 0.87230826 | CG2: 0.87230814 | CH2: 0.87230626 | CI2: 0.87230843 | CJ2: 0.87230754 | CK2: 0.87230771 | CL2: 0.87230617 | CM2: 0.87230409 | CN2: 0.8723132 | CO2: 0.87230542 | CP2: 0.87228468 | CQ2: 0.87230808 | CR2: 0.87230859 | CS2: 0.87230723 | CT2: 0.87230822 | CU2: 0.87228194 | CV2: 0.87230813 | CW2: 0.87230685 | CX2: 0.87224582 | CY2: 0.8723092 | CZ2: 0.87230891 | DA2: 0.87232209 | DB2: 0.87230742 | DC2: 0.87231066 | DD2: 0.87231406 | DE2: 0.87230933 | DF2: 0.87230715 | DG2: 0.87232067 | DH2: 0.87230704 | DI2: 0.87231533 | DJ2: 0.87230899 | DK2: 0.87230971 | DL2: 0.87230681 | DM2: 0.87230911 | DN2: 0.87230692 | DO2: 0.8723098 | DP2: 0.87230762 | DQ2: 0.8723079 | DR2: 0.87230771 | DS2: 0.87230487 | DT2: 0.87230765 | DU2: 0.87230937 | DV2: 0.8723081 | DW2: 0.87230918 | DX2: 0.87231019 | DY2: 0.87230765 | DZ2: 0.87230645 | EA2: 0.87230625 | EB2: 0.87230733 | EC2: 0.87230811 | ED2: 0.87230753 | EE2: 0.87231144 | EF2: 0.8723072 | EG2: 0.87230774 | EH2: 0.87230902 | EI2: 0.87230905 | EJ2: 0.87230893 | EK2: 0.87230847 | EL2: 0.87230829 | EM2: 0.8723088 | EN2: 0.87230925 | EO2: 0.87230878 | EP2: 0.87230883 | EQ2: 0.8723062 | ER2: 0.87230793 | ES2: 0.87230775 | ET2: 0.87230861 | EU2: 0.87229748 | EV2: 0.87230884 | EW2: 0.87230887 | EX2: 0.87230862 | EY2: 0.87230876
A3: 2 | B3: 0.8710011 | C3: 0.87108266 | D3: 0.87108359 | E3: 0.87108438 | F3: 0.87108257 | G3: 0.8710843 | H3: 0.87107798 | I3: 0.8710672 | J3: 0.871083 | K3: 0.87108451 | L3: 0.87108121 | M3: 0.87108337 | N3: 0.87108369 | O3: 0.87108142 | P3: 0.87108196 | Q3: 0.87108302 | R3: 0.87108011 | S3: 0.87107967 | T3: 0.87107593 | U3: 0.87108144 | V3: 0.87108345 | W3: 0.87108232 | X3: 0.87108294 | Y3: 0.8710814 | Z3: 0.87110753 | AA3: 0.87108594 | AB3: 0.87108171 | AC3: 0.87109042 | AD3: 0.87108175 | AE3: 0.87109509 | AF3: 0.8710903 | AG3: 0.87108386 | AH3: 0.87108271 | AI3: 0.87108439 | AJ3: 0.87108592 | AK3: 0.87108118 | AL3: 0.87108371 | AM3: 0.87108114 | AN3: 0.87111872 | AO3: 0.87108374 | AP3: 0.87108476 | AQ3: 0.87107934 | AR3: 0.87108401 | AS3: 0.87107932 | AT3: 0.87108408 | AU3: 0.87108139 | AV3: 0.8710846 | AW3: 0.87108243 | AX3: 0.87108267 | AY3: 0.87108681 | AZ3: 0.87108222 | BA3: 0.87108412 | BB3: 0.87108359 | BC3: 0.87108534 | BD3: 0.87106762 | BE3: 0.87108282 | BF3: 0.87108448 | BG3: 0.87110345 | BH3: 0.87108245 | BI3: 0.87108418 | BJ3: 0.87108159 | BK3: 0.87108209 | BL3: 0.8710833 | BM3: 0.87108355 | BN3: 0.87108198 | BO3: 0.87107207 | BP3: 0.87108053 | BQ3: 0.87107999 | BR3: 0.87108063 | BS3: 0.87107966 | BT3: 0.8710816 | BU3: 0.87108435 | BV3: 0.87108147 | BW3: 0.8710798 | BX3: 0.87108776 | BY3: 0.87108101 | BZ3: 0.87108203 | CA3: 0.87108114 | CB3: 0.87108249 | CC3: 0.87108258 | CD3: 0.87111441 | CE3: 0.87107943 | CF3: 0.87107742 | CG3: 0.87108181 | CH3: 0.87108115 | CI3: 0.87108209 | CJ3: 0.87108173 | CK3: 0.87108282 | CL3: 0.87108191 | CM3: 0.87111668 | CN3: 0.87108183 | CO3: 0.87108452 | CP3: 0.87110384 | CQ3: 0.87108313 | CR3: 0.87108359 | CS3: 0.87108329 | CT3: 0.87108347 | CU3: 0.87113278 | CV3: 0.87108149 | CW3: 0.87108219 | CX3: 0.87119495 | CY3: 0.87108114 | CZ3: 0.87107991 | DA3: 0.87106959 | DB3: 0.87108417 | DC3: 0.87107954 | DD3: 0.87107429 | DE3: 0.87108207 | DF3: 0.87108286 | DG3: 0.87106927 | DH3: 0.8710831 | DI3: 0.8710866 | DJ3: 0.87108243 | DK3: 0.8710818 | DL3: 0.87108236 | DM3: 0.87107989 | DN3: 0.87107493 | DO3: 0.87107929 | DP3: 0.87108247 | DQ3: 0.87108147 | DR3: 0.87107959 | DS3: 0.87108449 | DT3: 0.87108288 | DU3: 0.87108372 | DV3: 0.87107926 | DW3: 0.87108261 | DX3: 0.87107961 | DY3: 0.87108403 | DZ3: 0.87108083 | EA3: 0.87108247 | EB3: 0.87108498 | EC3: 0.87107922 | ED3: 0.87107903 | EE3: 0.87108921 | EF3: 0.87108257 | EG3: 0.87108253 | EH3: 0.87108282 | EI3: 0.87108108 | EJ3: 0.87108069 | EK3: 0.87108206 | EL3: 0.87108263 | EM3: 0.87108166 | EN3: 0.87108292 | EO3: 0.87108065 | EP3: 0.87108212 | EQ3: 0.87108602 | ER3: 0.87108333 | ES3: 0.8710792 | ET3: 0.87108006 | EU3: 0.87109937 | EV3: 0.87107976 | EW3: 0.87107689 | EX3: 0.87108062 | EY3: 0.87108232
A4: 3 | B4: 0.87166895 | C4: 0.87173172 | D4: 0.87173593 | E4: 0.87172881 | F4: 0.87173433 | G4: 0.87173016 | H4: 0.87173607 | I4: 0.871689 | J4: 0.87172949 | K4: 0.87172823 | L4: 0.87172935 | M4: 0.87173203 | N4: 0.87173356 | O4: 0.87173253 | P4: 0.87173179 | Q4: 0.87172985 | R4: 0.87173258 | S4: 0.87173337 | T4: 0.87173705 | U4: 0.87173137 | V4: 0.87173282 | W4: 0.87173238 | X4: 0.87173186 | Y4: 0.87173214 | Z4: 0.8717447 | AA4: 0.87173539 | AB4: 0.87173287 | AC4: 0.8717327 | AD4: 0.87172695 | AE4: 0.87173114 | AF4: 0.87173117 | AG4: 0.87173159 | AH4: 0.87173289 | AI4: 0.87173149 | AJ4: 0.87172495 | AK4: 0.87173209 | AL4: 0.87173137 | AM4: 0.87173882 | AN4: 0.87177299 | AO4: 0.87173291 | AP4: 0.87172771 | AQ4: 0.87173286 | AR4: 0.871733 | AS4: 0.87172834 | AT4: 0.87173738 | AU4: 0.87173084 | AV4: 0.8717345 | AW4: 0.87173498 | AX4: 0.87173521 | AY4: 0.87172585 | AZ4: 0.87173192 | BA4: 0.87173231 | BB4: 0.87173343 | BC4: 0.8717321 | BD4: 0.87174738 | BE4: 0.8717373 | BF4: 0.87173339 | BG4: 0.87174642 | BH4: 0.87173168 | BI4: 0.87172993 | BJ4: 0.8717328 | BK4: 0.87173503 | BL4: 0.87173211 | BM4: 0.87173621 | BN4: 0.8717308 | BO4: 0.87173136 | BP4: 0.87173068 | BQ4: 0.87173161 | BR4: 0.87170715 | BS4: 0.8717307 | BT4: 0.87173166 | BU4: 0.87173251 | BV4: 0.8717305 | BW4: 0.87173261 | BX4: 0.87173394 | BY4: 0.87173424 | BZ4: 0.87173188 | CA4: 0.87173282 | CB4: 0.8717353 | CC4: 0.87172793 | CD4: 0.87171768 | CE4: 0.87173057 | CF4: 0.87173599 | CG4: 0.87173169 | CH4: 0.87173823 | CI4: 0.87173115 | CJ4: 0.87173075 | CK4: 0.87173442 | CL4: 0.87173425 | CM4: 0.87171701 | CN4: 0.87171837 | CO4: 0.87173347 | CP4: 0.87173552 | CQ4: 0.87173449 | CR4: 0.87172963 | CS4: 0.8717309 | CT4: 0.8717305 | CU4: 0.87172734 | CV4: 0.8717318 | CW4: 0.87173311 | CX4: 0.87172771 | CY4: 0.87173165 | CZ4: 0.87173448 | DA4: 0.87172395 | DB4: 0.8717322 | DC4: 0.87173302 | DD4: 0.87172802 | DE4: 0.87173265 | DF4: 0.87173408 | DG4: 0.87166546 | DH4: 0.87173172 | DI4: 0.87170805 | DJ4: 0.87172838 | DK4: 0.87172837 | DL4: 0.87173434 | DM4: 0.87173318 | DN4: 0.871733 | DO4: 0.87173171 | DP4: 0.87173137 | DQ4: 0.87173266 | DR4: 0.87173117 | DS4: 0.87172875 | DT4: 0.87173202 | DU4: 0.8717261 | DV4: 0.87173153 | DW4: 0.87173017 | DX4: 0.87172998 | DY4: 0.87172974 | DZ4: 0.87173096 | EA4: 0.87173278 | EB4: 0.87173265 | EC4: 0.87172567 | ED4: 0.87173008 | EE4: 0.87173285 | EF4: 0.8717294 | EG4: 0.87173139 | EH4: 0.8717308 | EI4: 0.87173012 | EJ4: 0.87173239 | EK4: 0.8717319 | EL4: 0.87173024 | EM4: 0.87173121 | EN4: 0.87172887 | EO4: 0.87173107 | EP4: 0.87173009 | EQ4: 0.87173618 | ER4: 0.87173227 | ES4: 0.87173829 | ET4: 0.87173222 | EU4: 0.87172845 | EV4: 0.87173129 | EW4: 0.87173096 | EX4: 0.87173212 | EY4: 0.87173074
A5: 4 | B5: 0.87252008 | C5: 0.87227116 | D5: 0.8722548 | E5: 0.87226977 | F5: 0.87231659 | G5: 0.87225838 | H5: 0.87226776 | I5: 0.8723093 | J5: 0.87226402 | K5: 0.87226256 | L5: 0.8722671 | M5: 0.8722629 | N5: 0.87226461 | O5: 0.87226743 | P5: 0.87226622 | Q5: 0.87226481 | R5: 0.87226477 | S5: 0.8722704 | T5: 0.87226134 | U5: 0.87226903 | V5: 0.87226665 | W5: 0.87226691 | X5: 0.87226282 | Y5: 0.87226624 | Z5: 0.87227761 | AA5: 0.87226287 | AB5: 0.87226471 | AC5: 0.87226269 | AD5: 0.87227297 | AE5: 0.87225291 | AF5: 0.87226048 | AG5: 0.87226494 | AH5: 0.87226718 | AI5: 0.8722634 | AJ5: 0.87226184 | AK5: 0.8722609 | AL5: 0.87226361 | AM5: 0.87225777 | AN5: 0.87220748 | AO5: 0.87226249 | AP5: 0.8722654 | AQ5: 0.87226548 | AR5: 0.87226318 | AS5: 0.87226624 | AT5: 0.87228228 | AU5: 0.87226434 | AV5: 0.87228555 | AW5: 0.87226545 | AX5: 0.87226628 | AY5: 0.87225822 | AZ5: 0.8722643 | BA5: 0.87226352 | BB5: 0.87226269 | BC5: 0.87226398 | BD5: 0.87226358 | BE5: 0.87227304 | BF5: 0.87226359 | BG5: 0.87224466 | BH5: 0.87226132 | BI5: 0.87226446 | BJ5: 0.87226709 | BK5: 0.87226398 | BL5: 0.8722643 | BM5: 0.87226611 | BN5: 0.87227151 | BO5: 0.8722803 | BP5: 0.87226696 | BQ5: 0.87226679 | BR5: 0.8722889 | BS5: 0.8722744 | BT5: 0.87226265 | BU5: 0.87226634 | BV5: 0.87226557 | BW5: 0.87226517 | BX5: 0.87225349 | BY5: 0.87226857 | BZ5: 0.87226451 | CA5: 0.87226809 | CB5: 0.8722609 | CC5: 0.87226724 | CD5: 0.87227716 | CE5: 0.87227036 | CF5: 0.87226394 | CG5: 0.87226591 | CH5: 0.87226014 | CI5: 0.87226666 | CJ5: 0.87226882 | CK5: 0.87226539 | CL5: 0.87226786 | CM5: 0.87226927 | CN5: 0.87226669 | CO5: 0.87225288 | CP5: 0.87228454 | CQ5: 0.87226274 | CR5: 0.87226251 | CS5: 0.87226567 | CT5: 0.87227306 | CU5: 0.87221104 | CV5: 0.87226666 | CW5: 0.87226621 | CX5: 0.87217421 | CY5: 0.87226523 | CZ5: 0.8722707 | DA5: 0.87227087 | DB5: 0.8722617 | DC5: 0.87226311 | DD5: 0.87227536 | DE5: 0.87226627 | DF5: 0.87226091 | DG5: 0.8722775 | DH5: 0.87226535 | DI5: 0.87227569 | DJ5: 0.87226915 | DK5: 0.87226563 | DL5: 0.87226824 | DM5: 0.87226479 | DN5: 0.87227149 | DO5: 0.87226961 | DP5: 0.87226794 | DQ5: 0.87226626 | DR5: 0.8722647 | DS5: 0.87227559 | DT5: 0.87226817 | DU5: 0.87226693 | DV5: 0.87227547 | DW5: 0.87226093 | DX5: 0.87226753 | DY5: 0.8722645 | DZ5: 0.87226492 | EA5: 0.8722628 | EB5: 0.87225904 | EC5: 0.87228254 | ED5: 0.87226802 | EE5: 0.87226725 | EF5: 0.87226424 | EG5: 0.87226941 | EH5: 0.87226267 | EI5: 0.87226737 | EJ5: 0.87227195 | EK5: 0.87226436 | EL5: 0.87226619 | EM5: 0.87226455 | EN5: 0.87226698 | EO5: 0.8722665 | EP5: 0.87226735 | EQ5: 0.87224892 | ER5: 0.87226339 | ES5: 0.87226617 | ET5: 0.8722663 | EU5: 0.8722628 | EV5: 0.8722657 | EW5: 0.8722603 | EX5: 0.87227837 | EY5: 0.87226557
A6: 5 | B6: 0.87286487 | C6: 0.87291989 | D6: 0.87291501 | E6: 0.87291454 | F6: 0.87287452 | G6: 0.87292427 | H6: 0.8729139 | I6: 0.87283764 | J6: 0.87291573 | K6: 0.87291561 | L6: 0.87291678 | M6: 0.87291536 | N6: 0.87291601 | O6: 0.87291885 | P6: 0.87291523 | Q6: 0.87291488 | R6: 0.87291458 | S6: 0.87291962 | T6: 0.87291637 | U6: 0.87291512 | V6: 0.87291851 | W6: 0.87292035 | X6: 0.87291781 | Y6: 0.87292126 | Z6: 0.87287583 | AA6: 0.87291956 | AB6: 0.8729227 | AC6: 0.8729195 | AD6: 0.87292417 | AE6: 0.87292615 | AF6: 0.87292735 | AG6: 0.87291622 | AH6: 0.87292077 | AI6: 0.87292308 | AJ6: 0.87291865 | AK6: 0.87292096 | AL6: 0.87292171 | AM6: 0.87292797 | AN6: 0.87289759 | AO6: 0.87291998 | AP6: 0.87291765 | AQ6: 0.87291707 | AR6: 0.87291682 | AS6: 0.87291778 | AT6: 0.87292123 | AU6: 0.87291604 | AV6: 0.87291863 | AW6: 0.8729198 | AX6: 0.8729226 | AY6: 0.87292064 | AZ6: 0.872918 | BA6: 0.87291989 | BB6: 0.87291977 | BC6: 0.87291822 | BD6: 0.87292112 | BE6: 0.87292664 | BF6: 0.87291844 | BG6: 0.87287231 | BH6: 0.8729176 | BI6: 0.87291701 | BJ6: 0.87291926 | BK6: 0.87291769 | BL6: 0.8729185 | BM6: 0.87292226 | BN6: 0.87291503 | BO6: 0.87291103 | BP6: 0.8729124 | BQ6: 0.87291222 | BR6: 0.87291552 | BS6: 0.87290959 | BT6: 0.87292252 | BU6: 0.87291829 | BV6: 0.87291589 | BW6: 0.87291486 | BX6: 0.87291938 | BY6: 0.87291561 | BZ6: 0.87291826 | CA6: 0.87291233 | CB6: 0.87291423 | CC6: 0.87291087 | CD6: 0.872904 | CE6: 0.87291613 | CF6: 0.87291893 | CG6: 0.87291681 | CH6: 0.8729188 | CI6: 0.87291532 | CJ6: 0.87291568 | CK6: 0.87291794 | CL6: 0.8729177 | CM6: 0.87283008 | CN6: 0.87291576 | CO6: 0.87291992 | CP6: 0.87289871 | CQ6: 0.87292105 | CR6: 0.87291407 | CS6: 0.87291534 | CT6: 0.87291739 | CU6: 0.87292296 | CV6: 0.87291602 | CW6: 0.87291485 | CX6: 0.87295426 | CY6: 0.872917 | CZ6: 0.87291782 | DA6: 0.87289757 | DB6: 0.87291714 | DC6: 0.8729176 | DD6: 0.87290922 | DE6: 0.87291896 | DF6: 0.87291829 | DG6: 0.87299927 | DH6: 0.87291611 | DI6: 0.87289492 | DJ6: 0.87291345 | DK6: 0.87291342 | DL6: 0.87291948 | DM6: 0.87291684 | DN6: 0.87291271 | DO6: 0.87291527 | DP6: 0.87291419 | DQ6: 0.87291547 | DR6: 0.87291898 | DS6: 0.87291129 | DT6: 0.87291638 | DU6: 0.87291333 | DV6: 0.87291458 | DW6: 0.87291672 | DX6: 0.87291352 | DY6: 0.87291776 | DZ6: 0.87291532 | EA6: 0.87291507 | EB6: 0.87291559 | EC6: 0.87290603 | ED6: 0.87291694 | EE6: 0.87291725 | EF6: 0.87291562 | EG6: 0.8729173 | EH6: 0.87291548 | EI6: 0.8729139 | EJ6: 0.87291706 | EK6: 0.87291674 | EL6: 0.87291534 | EM6: 0.87291614 | EN6: 0.8729136 | EO6: 0.872915 | EP6: 0.87291505 | EQ6: 0.87292446 | ER6: 0.87291351 | ES6: 0.87291922 | ET6: 0.87291503 | EU6: 0.87289235 | EV6: 0.87291431 | EW6: 0.87290933 | EX6: 0.87291695 | EY6: 0.87291475
A7: 6 | B7: 0.8731306 | C7: 0.87348935 | D7: 0.87346492 | E7: 0.87348955 | F7: 0.87350643 | G7: 0.87347782 | H7: 0.87348373 | I7: 0.87362288 | J7: 0.87349273 | K7: 0.87348892 | L7: 0.87348228 | M7: 0.87346923 | N7: 0.87348026 | O7: 0.87348396 | P7: 0.87348208 | Q7: 0.87348883 | R7: 0.87348006 | S7: 0.87348072 | T7: 0.87348417 | U7: 0.87347529 | V7: 0.87348073 | W7: 0.87347396 | X7: 0.87348668 | Y7: 0.8734735 | Z7: 0.87353587 | AA7: 0.87347919 | AB7: 0.87347755 | AC7: 0.87349432 | AD7: 0.87349063 | AE7: 0.87348918 | AF7: 0.87346834 | AG7: 0.87348063 | AH7: 0.87347848 | AI7: 0.87348339 | AJ7: 0.87348911 | AK7: 0.8734766 | AL7: 0.87347648 | AM7: 0.87349291 | AN7: 0.87352288 | AO7: 0.87348285 | AP7: 0.87348945 | AQ7: 0.87348225 | AR7: 0.87348046 | AS7: 0.87348469 | AT7: 0.8734903 | AU7: 0.87348035 | AV7: 0.87349406 | AW7: 0.87347251 | AX7: 0.87348737 | AY7: 0.87347934 | AZ7: 0.87348566 | BA7: 0.87348625 | BB7: 0.87348246 | BC7: 0.87348028 | BD7: 0.8734683 | BE7: 0.87346901 | BF7: 0.8734783 | BG7: 0.87355461 | BH7: 0.87348778 | BI7: 0.87348339 | BJ7: 0.8734784 | BK7: 0.87346252 | BL7: 0.87348292 | BM7: 0.87347274 | BN7: 0.87348406 | BO7: 0.87348172 | BP7: 0.87347538 | BQ7: 0.87348374 | BR7: 0.87352905 | BS7: 0.8734759 | BT7: 0.87347864 | BU7: 0.87347739 | BV7: 0.87348578 | BW7: 0.87347917 | BX7: 0.87348888 | BY7: 0.8734755 | BZ7: 0.87348626 | CA7: 0.87347945 | CB7: 0.87348227 | CC7: 0.87348968 | CD7: 0.87347355 | CE7: 0.87348278 | CF7: 0.87346957 | CG7: 0.87348194 | CH7: 0.87348951 | CI7: 0.87347892 | CJ7: 0.87347753 | CK7: 0.87348241 | CL7: 0.87349641 | CM7: 0.87354608 | CN7: 0.87348034 | CO7: 0.87347751 | CP7: 0.87353267 | CQ7: 0.87348502 | CR7: 0.87346846 | CS7: 0.87348267 | CT7: 0.87348865 | CU7: 0.87357654 | CV7: 0.87348208 | CW7: 0.87348174 | CX7: 0.87351281 | CY7: 0.87348519 | CZ7: 0.87348537 | DA7: 0.87347776 | DB7: 0.8734829 | DC7: 0.87347598 | DD7: 0.87348202 | DE7: 0.87348032 | DF7: 0.87346975 | DG7: 0.87350192 | DH7: 0.87348321 | DI7: 0.8735181 | DJ7: 0.8734838 | DK7: 0.8734892 | DL7: 0.87348592 | DM7: 0.87348257 | DN7: 0.87347865 | DO7: 0.87348676 | DP7: 0.87348279 | DQ7: 0.87348284 | DR7: 0.87347774 | DS7: 0.87347879 | DT7: 0.87347952 | DU7: 0.8734899 | DV7: 0.87348399 | DW7: 0.87348326 | DX7: 0.87348325 | DY7: 0.87349065 | DZ7: 0.87347715 | EA7: 0.87348529 | EB7: 0.87350094 | EC7: 0.87348468 | ED7: 0.87346773 | EE7: 0.87347352 | EF7: 0.87347916 | EG7: 0.87348213 | EH7: 0.87349163 | EI7: 0.87348844 | EJ7: 0.87348712 | EK7: 0.87348725 | EL7: 0.87347883 | EM7: 0.87348409 | EN7: 0.87349094 | EO7: 0.87347946 | EP7: 0.87348983 | EQ7: 0.87349075 | ER7: 0.87346635 | ES7: 0.87346655 | ET7: 0.87348803 | EU7: 0.87353115 | EV7: 0.87347761 | EW7: 0.87348293 | EX7: 0.87347698 | EY7: 0.87347823
A8: 7 | B8: 0.87651773 | C8: 0.87631527 | D8: 0.87631201 | E8: 0.87631471 | F8: 0.87628099 | G8: 0.87631684 | H8: 0.8763108 | I8: 0.87622862 | J8: 0.87631253 | K8: 0.87630936 | L8: 0.8763155 | M8: 0.87631178 | N8: 0.87631525 | O8: 0.87631356 | P8: 0.87630972 | Q8: 0.87631354 | R8: 0.87631552 | S8: 0.87631569 | T8: 0.87630915 | U8: 0.87631438 | V8: 0.87631503 | W8: 0.87631533 | X8: 0.87631768 | Y8: 0.87631477 | Z8: 0.87627747 | AA8: 0.87631881 | AB8: 0.87631718 | AC8: 0.87631681 | AD8: 0.87632607 | AE8: 0.87630904 | AF8: 0.87632408 | AG8: 0.87632666 | AH8: 0.87631546 | AI8: 0.87632037 | AJ8: 0.87631687 | AK8: 0.87631504 | AL8: 0.87631839 | AM8: 0.87631022 | AN8: 0.87625294 | AO8: 0.87631759 | AP8: 0.87631117 | AQ8: 0.87631789 | AR8: 0.87631479 | AS8: 0.87631257 | AT8: 0.87631785 | AU8: 0.87631407 | AV8: 0.87631432 | AW8: 0.87631651 | AX8: 0.87631692 | AY8: 0.87631973 | AZ8: 0.87632351 | BA8: 0.87632571 | BB8: 0.87631603 | BC8: 0.87631626 | BD8: 0.87630093 | BE8: 0.87631285 | BF8: 0.87632326 | BG8: 0.87628935 | BH8: 0.87631928 | BI8: 0.87631959 | BJ8: 0.87632308 | BK8: 0.87631213 | BL8: 0.87631807 | BM8: 0.87631613 | BN8: 0.8763153 | BO8: 0.87632628 | BP8: 0.87631543 | BQ8: 0.87631963 | BR8: 0.87625108 | BS8: 0.87632101 | BT8: 0.87633099 | BU8: 0.87631717 | BV8: 0.87631612 | BW8: 0.87632274 | BX8: 0.87631814 | BY8: 0.87631759 | BZ8: 0.87632147 | CA8: 0.87631718 | CB8: 0.87633609 | CC8: 0.87631491 | CD8: 0.87629565 | CE8: 0.87630797 | CF8: 0.87631797 | CG8: 0.87631769 | CH8: 0.87631205 | CI8: 0.87631827 | CJ8: 0.87631569 | CK8: 0.87631661 | CL8: 0.8763239 | CM8: 0.87634343 | CN8: 0.87631178 | CO8: 0.87631871 | CP8: 0.87625148 | CQ8: 0.87631742 | CR8: 0.87630495 | CS8: 0.87631669 | CT8: 0.87631416 | CU8: 0.87626579 | CV8: 0.8763175 | CW8: 0.87631633 | CX8: 0.87625646 | CY8: 0.8763148 | CZ8: 0.87631643 | DA8: 0.87628736 | DB8: 0.87631451 | DC8: 0.87631242 | DD8: 0.87633077 | DE8: 0.87631693 | DF8: 0.87631258 | DG8: 0.87627951 | DH8: 0.87631732 | DI8: 0.87632038 | DJ8: 0.8763125 | DK8: 0.87631578 | DL8: 0.87631989 | DM8: 0.87631494 | DN8: 0.8763185 | DO8: 0.87631808 | DP8: 0.87631639 | DQ8: 0.87631575 | DR8: 0.87631179 | DS8: 0.87631331 | DT8: 0.87631941 | DU8: 0.87631086 | DV8: 0.87631284 | DW8: 0.87631077 | DX8: 0.87631564 | DY8: 0.87631714 | DZ8: 0.87633553 | EA8: 0.87631328 | EB8: 0.87631115 | EC8: 0.87630396 | ED8: 0.8763208 | EE8: 0.87632805 | EF8: 0.87631705 | EG8: 0.87631408 | EH8: 0.87631416 | EI8: 0.87631541 | EJ8: 0.87631414 | EK8: 0.87631427 | EL8: 0.87631396 | EM8: 0.87631391 | EN8: 0.87631626 | EO8: 0.87631469 | EP8: 0.87631531 | EQ8: 0.87631552 | ER8: 0.87631033 | ES8: 0.87631738 | ET8: 0.87631562 | EU8: 0.87629345 | EV8: 0.8763145 | EW8: 0.87631696 | EX8: 0.87631449 | EY8: 0.87631305
A9: 8 | B9: 0.88171271 | C9: 0.88156439 | D9: 0.88156073 | E9: 0.88156462 | F9: 0.88158546 | G9: 0.88155759 | H9: 0.88156515 | I9: 0.88159701 | J9: 0.88156006 | K9: 0.88156355 | L9: 0.88156891 | M9: 0.88156997 | N9: 0.88156862 | O9: 0.88156747 | P9: 0.88156605 | Q9: 0.88156242 | R9: 0.88156997 | S9: 0.88156703 | T9: 0.88156681 | U9: 0.88157199 | V9: 0.88156694 | W9: 0.88157973 | X9: 0.88156389 | Y9: 0.88157094 | Z9: 0.88156695 | AA9: 0.88156403 | AB9: 0.88156577 | AC9: 0.88156177 | AD9: 0.88157139 | AE9: 0.88155921 | AF9: 0.88156135 | AG9: 0.88155666 | AH9: 0.88156881 | AI9: 0.88156553 | AJ9: 0.88154117 | AK9: 0.88156798 | AL9: 0.88157238 | AM9: 0.88156382 | AN9: 0.88154678 | AO9: 0.88156473 | AP9: 0.88156638 | AQ9: 0.88155925 | AR9: 0.88156954 | AS9: 0.88156323 | AT9: 0.88156428 | AU9: 0.88156583 | AV9: 0.88156177 | AW9: 0.88156491 | AX9: 0.88156643 | AY9: 0.88155839 | AZ9: 0.88156791 | BA9: 0.8815679 | BB9: 0.88156608 | BC9: 0.88156489 | BD9: 0.8815935 | BE9: 0.88156296 | BF9: 0.88156472 | BG9: 0.88157571 | BH9: 0.88156201 | BI9: 0.88156097 | BJ9: 0.88156829 | BK9: 0.88156516 | BL9: 0.88156344 | BM9: 0.88157532 | BN9: 0.88156398 | BO9: 0.8815623 | BP9: 0.88156643 | BQ9: 0.88156603 | BR9: 0.88157649 | BS9: 0.88157004 | BT9: 0.88155267 | BU9: 0.88157536 | BV9: 0.88156313 | BW9: 0.88156509 | BX9: 0.88156144 | BY9: 0.88156519 | BZ9: 0.88156336 | CA9: 0.88156832 | CB9: 0.88156482 | CC9: 0.88157278 | CD9: 0.88157761 | CE9: 0.88156533 | CF9: 0.88156879 | CG9: 0.8815663 | CH9: 0.88156928 | CI9: 0.88157153 | CJ9: 0.88157053 | CK9: 0.88157061 | CL9: 0.88156926 | CM9: 0.8815389 | CN9: 0.88156498 | CO9: 0.88157035 | CP9: 0.88160583 | CQ9: 0.88156523 | CR9: 0.88155904 | CS9: 0.88157248 | CT9: 0.8815661 | CU9: 0.88153993 | CV9: 0.88156735 | CW9: 0.8815673 | CX9: 0.88161719 | CY9: 0.8815635 | CZ9: 0.88156479 | DA9: 0.88155324 | DB9: 0.88156229 | DC9: 0.88156431 | DD9: 0.88156 | DE9: 0.88156379 | DF9: 0.88156396 | DG9: 0.8815741 | DH9: 0.88156414 | DI9: 0.88153388 | DJ9: 0.8815673 | DK9: 0.88155479 | DL9: 0.88156639 | DM9: 0.88156311 | DN9: 0.88156948 | DO9: 0.88156272 | DP9: 0.88156703 | DQ9: 0.88156816 | DR9: 0.8815733 | DS9: 0.88156993 | DT9: 0.88156373 | DU9: 0.88156366 | DV9: 0.88156774 | DW9: 0.88156206 | DX9: 0.88156779 | DY9: 0.88156254 | DZ9: 0.88157154 | EA9: 0.88156603 | EB9: 0.88155604 | EC9: 0.88158387 | ED9: 0.88155793 | EE9: 0.8815558 | EF9: 0.88157155 | EG9: 0.88156811 | EH9: 0.88155997 | EI9: 0.88156576 | EJ9: 0.88156395 | EK9: 0.88156367 | EL9: 0.88156833 | EM9: 0.88156667 | EN9: 0.88156107 | EO9: 0.88156771 | EP9: 0.88156547 | EQ9: 0.88156268 | ER9: 0.88156238 | ES9: 0.88157162 | ET9: 0.88156694 | EU9: 0.88157493 | EV9: 0.88157066 | EW9: 0.88157327 | EX9: 0.88157258 | EY9: 0.88156996
A10: 9 | B10: 0.88786486 | C10: 0.88792398 | D10: 0.88792777 | E10: 0.88792862 | F10: 0.88796088 | G10: 0.88792733 | H10: 0.88793211 | I10: 0.88795175 | J10: 0.88793172 | K10: 0.88792969 | L10: 0.88792375 | M10: 0.88792021 | N10: 0.88791868 | O10: 0.88792567 | P10: 0.88792995 | Q10: 0.88793073 | R10: 0.88792703 | S10: 0.88792123 | T10: 0.88792377 | U10: 0.88791948 | V10: 0.88792052 | W10: 0.88791061 | X10: 0.88792198 | Y10: 0.88792062 | Z10: 0.88793806 | AA10: 0.88792339 | AB10: 0.88792665 | AC10: 0.88792708 | AD10: 0.88792094 | AE10: 0.88792451 | AF10: 0.88792602 | AG10: 0.8879212 | AH10: 0.88792247 | AI10: 0.88791789 | AJ10: 0.88793162 | AK10: 0.88791683 | AL10: 0.88791732 | AM10: 0.88792903 | AN10: 0.88798368 | AO10: 0.88791848 | AP10: 0.88792425 | AQ10: 0.88792218 | AR10: 0.88792207 | AS10: 0.88793337 | AT10: 0.88792179 | AU10: 0.88792598 | AV10: 0.88792362 | AW10: 0.88792142 | AX10: 0.88791936 | AY10: 0.88793382 | AZ10: 0.8879187 | BA10: 0.88792021 | BB10: 0.88792255 | BC10: 0.88792177 | BD10: 0.88792685 | BE10: 0.88793734 | BF10: 0.88791723 | BG10: 0.88792725 | BH10: 0.88792278 | BI10: 0.88792649 | BJ10: 0.88792029 | BK10: 0.88791704 | BL10: 0.88792181 | BM10: 0.8879211 | BN10: 0.88792437 | BO10: 0.88792484 | BP10: 0.88792449 | BQ10: 0.88792199 | BR10: 0.88794457 | BS10: 0.88791455 | BT10: 0.88791536 | BU10: 0.88792445 | BV10: 0.88792664 | BW10: 0.88792755 | BX10: 0.88792614 | BY10: 0.8879274 | BZ10: 0.88792859 | CA10: 0.88791661 | CB10: 0.88792084 | CC10: 0.88792299 | CD10: 0.8879629 | CE10: 0.88792756 | CF10: 0.88791753 | CG10: 0.88792395 | CH10: 0.88792294 | CI10: 0.88792097 | CJ10: 0.88792149 | CK10: 0.88791764 | CL10: 0.8879168 | CM10: 0.88792591 | CN10: 0.88792905 | CO10: 0.88791834 | CP10: 0.88789187 | CQ10: 0.8879245 | CR10: 0.88793033 | CS10: 0.88792175 | CT10: 0.88792563 | CU10: 0.88793395 | CV10: 0.88792468 | CW10: 0.88791518 | CX10: 0.88790718 | CY10: 0.88792624 | CZ10: 0.88793029 | DA10: 0.88791626 | DB10: 0.88792743 | DC10: 0.88793018 | DD10: 0.88792016 | DE10: 0.88792369 | DF10: 0.88792245 | DG10: 0.88791063 | DH10: 0.88792541 | DI10: 0.88792052 | DJ10: 0.88792684 | DK10: 0.8879372 | DL10: 0.88791955 | DM10: 0.88792824 | DN10: 0.88792299 | DO10: 0.88792855 | DP10: 0.88792212 | DQ10: 0.88792392 | DR10: 0.88791899 | DS10: 0.88791296 | DT10: 0.88791948 | DU10: 0.88792717 | DV10: 0.88792738 | DW10: 0.88792824 | DX10: 0.88792235 | DY10: 0.88792937 | DZ10: 0.88792165 | EA10: 0.88792424 | EB10: 0.88792908 | EC10: 0.88793033 | ED10: 0.88791761 | EE10: 0.88792692 | EF10: 0.8879186 | EG10: 0.88792392 | EH10: 0.88792922 | EI10: 0.88792692 | EJ10: 0.88792706 | EK10: 0.88792494 | EL10: 0.88792385 | EM10: 0.88792634 | EN10: 0.88793195 | EO10: 0.88792136 | EP10: 0.88792491 | EQ10: 0.88792216 | ER10: 0.88792227 | ES10: 0.88791821 | ET10: 0.88792349 | EU10: 0.88793861 | EV10: 0.88792367 | EW10: 0.88791282 | EX10: 0.88791817 | EY10: 0.88792402
A11: 10 | B11: 0.89475993 | C11: 0.89478653 | D11: 0.89479208 | E11: 0.89478438 | F11: 0.89476201 | G11: 0.89479993 | H11: 0.89478034 | I11: 0.89480838 | J11: 0.89478549 | K11: 0.89478998 | L11: 0.89478696 | M11: 0.8947886 | N11: 0.89479006 | O11: 0.89478556 | P11: 0.89478654 | Q11: 0.89478764 | R11: 0.894785 | S11: 0.89478491 | T11: 0.89478676 | U11: 0.89478574 | V11: 0.89478825 | W11: 0.89479193 | X11: 0.89478799 | Y11: 0.89478767 | Z11: 0.89479443 | AA11: 0.89478955 | AB11: 0.89478563 | AC11: 0.89478476 | AD11: 0.89478581 | AE11: 0.89479728 | AF11: 0.89479983 | AG11: 0.89479524 | AH11: 0.89478654 | AI11: 0.89479284 | AJ11: 0.89479652 | AK11: 0.8947933 | AL11: 0.89479047 | AM11: 0.89479022 | AN11: 0.89476873 | AO11: 0.89479416 | AP11: 0.89479406 | AQ11: 0.89478468 | AR11: 0.89478749 | AS11: 0.8947851 | AT11: 0.89478769 | AU11: 0.8947853 | AV11: 0.89479046 | AW11: 0.89478603 | AX11: 0.8947873 | AY11: 0.89479197 | AZ11: 0.89478822 | BA11: 0.89478947 | BB11: 0.89478586 | BC11: 0.89478697 | BD11: 0.89478465 | BE11: 0.89478742 | BF11: 0.89479132 | BG11: 0.89481122 | BH11: 0.8947871 | BI11: 0.8947917 | BJ11: 0.8947882 | BK11: 0.89478951 | BL11: 0.89478684 | BM11: 0.89478612 | BN11: 0.89478569 | BO11: 0.89477095 | BP11: 0.89478568 | BQ11: 0.89478687 | BR11: 0.89480477 | BS11: 0.89479162 | BT11: 0.89479128 | BU11: 0.8947835 | BV11: 0.89478546 | BW11: 0.89478194 | BX11: 0.89478587 | BY11: 0.89478325 | BZ11: 0.8947835 | CA11: 0.89478844 | CB11: 0.89479091 | CC11: 0.89479312 | CD11: 0.89475031 | CE11: 0.89478897 | CF11: 0.89478921 | CG11: 0.89478731 | CH11: 0.8947885 | CI11: 0.89478687 | CJ11: 0.8947857 | CK11: 0.89479006 | CL11: 0.89478892 | CM11: 0.89487516 | CN11: 0.89483916 | CO11: 0.89478791 | CP11: 0.89477958 | CQ11: 0.89478407 | CR11: 0.89479078 | CS11: 0.8947893 | CT11: 0.89478715 | CU11: 0.89483194 | CV11: 0.8947865 | CW11: 0.89479233 | CX11: 0.89480813 | CY11: 0.89478482 | CZ11: 0.89478264 | DA11: 0.89478093 | DB11: 0.89478583 | DC11: 0.89478327 | DD11: 0.89479562 | DE11: 0.89478581 | DF11: 0.89478825 | DG11: 0.89473881 | DH11: 0.89478373 | DI11: 0.89481927 | DJ11: 0.89478655 | DK11: 0.89478803 | DL11: 0.89478666 | DM11: 0.89478192 | DN11: 0.8947838 | DO11: 0.89478441 | DP11: 0.89478824 | DQ11: 0.8947831 | DR11: 0.89478693 | DS11: 0.89479399 | DT11: 0.89478901 | DU11: 0.89479013 | DV11: 0.89478483 | DW11: 0.89478578 | DX11: 0.89479058 | DY11: 0.8947865 | DZ11: 0.89479139 | EA11: 0.89478639 | EB11: 0.8947845 | EC11: 0.89479747 | ED11: 0.89479386 | EE11: 0.8947805 | EF11: 0.89478868 | EG11: 0.89478717 | EH11: 0.89478611 | EI11: 0.89478656 | EJ11: 0.89478598 | EK11: 0.89478539 | EL11: 0.89478666 | EM11: 0.89478606 | EN11: 0.89478676 | EO11: 0.89478581 | EP11: 0.89478586 | EQ11: 0.89479284 | ER11: 0.89478951 | ES11: 0.89477699 | ET11: 0.89478528 | EU11: 0.89482374 | EV11: 0.89478701 | EW11: 0.89479092 | EX11: 0.89478911 | EY11: 0.89478617
A12: 11 | B12: 0.89933443 | C12: 0.89915909 | D12: 0.89915862 | E12: 0.89918334 | F12: 0.89914464 | G12: 0.89914324 | H12: 0.89916715 | I12: 0.89913106 | J12: 0.89915902 | K12: 0.89916834 | L12: 0.89916105 | M12: 0.89917458 | N12: 0.89917625 | O12: 0.89916099 | P12: 0.89915878 | Q12: 0.89915709 | R12: 0.89917928 | S12: 0.89916246 | T12: 0.89916328 | U12: 0.8991697 | V12: 0.89916027 | W12: 0.89916434 | X12: 0.89916467 | Y12: 0.8991637 | Z12: 0.89912668 | AA12: 0.89917402 | AB12: 0.89916761 | AC12: 0.89916113 | AD12: 0.89916831 | AE12: 0.8991481 | AF12: 0.89914362 | AG12: 0.89915925 | AH12: 0.89916517 | AI12: 0.89915913 | AJ12: 0.89915165 | AK12: 0.89916065 | AL12: 0.89916369 | AM12: 0.89915385 | AN12: 0.89912777 | AO12: 0.89915893 | AP12: 0.8991561 | AQ12: 0.89916786 | AR12: 0.89917554 | AS12: 0.89915287 | AT12: 0.89916248 | AU12: 0.89916041 | AV12: 0.89915654 | AW12: 0.89916476 | AX12: 0.89916872 | AY12: 0.89915421 | AZ12: 0.89916518 | BA12: 0.89916212 | BB12: 0.89915872 | BC12: 0.89916368 | BD12: 0.89916402 | BE12: 0.8991669 | BF12: 0.8991606 | BG12: 0.89912365 | BH12: 0.8991644 | BI12: 0.89915462 | BJ12: 0.89916275 | BK12: 0.89916513 | BL12: 0.89915937 | BM12: 0.89916113 | BN12: 0.89916104 | BO12: 0.89917797 | BP12: 0.89915656 | BQ12: 0.8991639 | BR12: 0.89913717 | BS12: 0.89916893 | BT12: 0.89916594 | BU12: 0.89916171 | BV12: 0.8991633 | BW12: 0.89916954 | BX12: 0.89915756 | BY12: 0.89915783 | BZ12: 0.89916001 | CA12: 0.89916488 | CB12: 0.89916232 | CC12: 0.89915914 | CD12: 0.89916894 | CE12: 0.89915538 | CF12: 0.89914048 | CG12: 0.89916508 | CH12: 0.89915862 | CI12: 0.89916242 | CJ12: 0.89916314 | CK12: 0.89915343 | CL12: 0.89916399 | CM12: 0.89911022 | CN12: 0.89915635 | CO12: 0.89916553 | CP12: 0.89916083 | CQ12: 0.89916515 | CR12: 0.89915688 | CS12: 0.89916265 | CT12: 0.89916329 | CU12: 0.8990933 | CV12: 0.89915891 | CW12: 0.89916614 | CX12: 0.89919174 | CY12: 0.89915953 | CZ12: 0.89915995 | DA12: 0.89918327 | DB12: 0.89916179 | DC12: 0.89916137 | DD12: 0.89916857 | DE12: 0.8991643 | DF12: 0.8991612 | DG12: 0.89914569 | DH12: 0.89916398 | DI12: 0.89914336 | DJ12: 0.89917121 | DK12: 0.89915943 | DL12: 0.89916571 | DM12: 0.89916275 | DN12: 0.89916829 | DO12: 0.89917732 | DP12: 0.8991639 | DQ12: 0.89916482 | DR12: 0.89916242 | DS12: 0.89916399 | DT12: 0.89916489 | DU12: 0.8991578 | DV12: 0.89916508 | DW12: 0.89915762 | DX12: 0.8991607 | DY12: 0.89916029 | DZ12: 0.89916245 | EA12: 0.89917488 | EB12: 0.89916551 | EC12: 0.89914262 | ED12: 0.89917216 | EE12: 0.89916855 | EF12: 0.8991656 | EG12: 0.89916018 | EH12: 0.89915679 | EI12: 0.89916022 | EJ12: 0.89915992 | EK12: 0.89916087 | EL12: 0.89917249 | EM12: 0.89915862 | EN12: 0.8991575 | EO12: 0.89915957 | EP12: 0.89915889 | EQ12: 0.89915334 | ER12: 0.89915704 | ES12: 0.89917932 | ET12: 0.89916362 | EU12: 0.89912587 | EV12: 0.89916417 | EW12: 0.89917769 | EX12: 0.89916297 | EY12: 0.89917329
A13: 12 | B13: 0.9031452 | C13: 0.9033207 | D13: 0.90331055 | E13: 0.90331795 | F13: 0.90332675 | G13: 0.90331982 | H13: 0.90331888 | I13: 0.90328793 | J13: 0.90331991 | K13: 0.9033185 | L13: 0.90331989 | M13: 0.90332021 | N13: 0.90331635 | O13: 0.9033227 | P13: 0.90331656 | Q13: 0.90331767 | R13: 0.90332426 | S13: 0.90332563 | T13: 0.90331779 | U13: 0.90331797 | V13: 0.90332382 | W13: 0.90332022 | X13: 0.90332159 | Y13: 0.90332279 | Z13: 0.90334462 | AA13: 0.90332381 | AB13: 0.90331561 | AC13: 0.90331881 | AD13: 0.90332184 | AE13: 0.9033251 | AF13: 0.90332299 | AG13: 0.90331612 | AH13: 0.90332312 | AI13: 0.90331973 | AJ13: 0.90331411 | AK13: 0.90332153 | AL13: 0.90331017 | AM13: 0.90331197 | AN13: 0.90332575 | AO13: 0.90331943 | AP13: 0.9033182 | AQ13: 0.90332482 | AR13: 0.90331685 | AS13: 0.9033221 | AT13: 0.90332086 | AU13: 0.90332003 | AV13: 0.903322 | AW13: 0.90332564 | AX13: 0.90333495 | AY13: 0.90331766 | AZ13: 0.90331916 | BA13: 0.9033213 | BB13: 0.90332097 | BC13: 0.9033209 | BD13: 0.90331245 | BE13: 0.90331493 | BF13: 0.90330506 | BG13: 0.90330534 | BH13: 0.90331974 | BI13: 0.90332166 | BJ13: 0.90332642 | BK13: 0.9033215 | BL13: 0.90332314 | BM13: 0.90332219 | BN13: 0.90331599 | BO13: 0.90331799 | BP13: 0.90331993 | BQ13: 0.90332051 | BR13: 0.90332322 | BS13: 0.90331775 | BT13: 0.9033215 | BU13: 0.90332293 | BV13: 0.90332581 | BW13: 0.90332299 | BX13: 0.90331712 | BY13: 0.90331735 | BZ13: 0.90333012 | CA13: 0.90332406 | CB13: 0.90332645 | CC13: 0.9033184 | CD13: 0.90331696 | CE13: 0.90332301 | CF13: 0.90331785 | CG13: 0.90332019 | CH13: 0.90332184 | CI13: 0.90331799 | CJ13: 0.90332036 | CK13: 0.90331949 | CL13: 0.90331734 | CM13: 0.90326681 | CN13: 0.90326281 | CO13: 0.90332302 | CP13: 0.9033048 | CQ13: 0.90332328 | CR13: 0.9033165 | CS13: 0.90331696 | CT13: 0.90332045 | CU13: 0.90333707 | CV13: 0.90331312 | CW13: 0.90331667 | CX13: 0.90324374 | CY13: 0.90332023 | CZ13: 0.90332084 | DA13: 0.90329694 | DB13: 0.90330954 | DC13: 0.90332083 | DD13: 0.90332145 | DE13: 0.90332184 | DF13: 0.90331931 | DG13: 0.90335316 | DH13: 0.90332386 | DI13: 0.90331331 | DJ13: 0.90331852 | DK13: 0.90331714 | DL13: 0.90332174 | DM13: 0.90331857 | DN13: 0.9033216 | DO13: 0.90332305 | DP13: 0.90331666 | DQ13: 0.90331882 | DR13: 0.90331525 | DS13: 0.90332231 | DT13: 0.90331987 | DU13: 0.90331874 | DV13: 0.90331295 | DW13: 0.90332268 | DX13: 0.90331722 | DY13: 0.90331944 | DZ13: 0.90331765 | EA13: 0.9033243 | EB13: 0.90331709 | EC13: 0.90330667 | ED13: 0.90331364 | EE13: 0.9033391 | EF13: 0.90331898 | EG13: 0.90331952 | EH13: 0.90331937 | EI13: 0.90330638 | EJ13: 0.90332307 | EK13: 0.90332082 | EL13: 0.90331874 | EM13: 0.90332389 | EN13: 0.90331992 | EO13: 0.90331836 | EP13: 0.90331979 | EQ13: 0.90331879 | ER13: 0.90332159 | ES13: 0.90332613 | ET13: 0.90332272 | EU13: 0.90327216 | EV13: 0.90331427 | EW13: 0.90331568 | EX13: 0.90332037 | EY13: 0.90331933
... A41: 40 | B41: 1.0374521 | C41: 1.0231477 | D41: 1.0220621 | E41: 1.023524 | F41: 1.0241054 | G41: 1.0224328 | H41: 1.0235391 | I41: 1.015754 | J41: 1.0229866 | K41: 1.0228869 | L41: 1.0231209 | M41: 1.0232473 | N41: 1.0233536 | O41: 1.0231191 | P41: 1.0229012 | Q41: 1.0228756 | R41: 1.0233079 | S41: 1.0231377 | T41: 1.0232198 | U41: 1.0233066 | V41: 1.0231671 | W41: 1.0232457 | X41: 1.0231916 | Y41: 1.0231175 | Z41: 1.0238981 | AA41: 1.0231209 | AB41: 1.0231482 | AC41: 1.0231188 | AD41: 1.0233458 | AE41: 1.0224855 | AF41: 1.0221536 | AG41: 1.0230892 | AH41: 1.0231482 | AI41: 1.0230183 | AJ41: 1.0223098 | AK41: 1.0228799 | AL41: 1.0228725 | AM41: 1.0222734 | AN41: 1.0265112 | AO41: 1.0229485 | AP41: 1.0224458 | AQ41: 1.0232536 | AR41: 1.0232465 | AS41: 1.0232552 | AT41: 1.023146 | AU41: 1.0231586 | AV41: 1.0232168 | AW41: 1.0231878 | AX41: 1.0232842 | AY41: 1.0220941 | AZ41: 1.0231513 | BA41: 1.023137 | BB41: 1.0232204 | BC41: 1.0231471 | BD41: 1.0233568 | BE41: 1.0231381 | BF41: 1.0231393 | BG41: 1.0207029 | BH41: 1.0231666 | BI41: 1.0227687 | BJ41: 1.0231798 | BK41: 1.0231255 | BL41: 1.0232466 | BM41: 1.023049 | BN41: 1.0231727 | BO41: 1.0242921 | BP41: 1.0232365 | BQ41: 1.0232196 | BR41: 1.0231708 | BS41: 1.0234117 | BT41: 1.0232455 | BU41: 1.0232481 | BV41: 1.0231522 | BW41: 1.0231745 | BX41: 1.0232009 | BY41: 1.0233109 | BZ41: 1.0233326 | CA41: 1.0233583 | CB41: 1.0230389 | CC41: 1.0229415 | CD41: 1.0237416 | CE41: 1.0226817 | CF41: 1.0231984 | CG41: 1.023042 | CH41: 1.023476 | CI41: 1.0232108 | CJ41: 1.0232427 | CK41: 1.0231552 | CL41: 1.0231335 | CM41: 1.0200631 | CN41: 1.020541 | CO41: 1.0231272 | CP41: 1.0224516 | CQ41: 1.0231914 | CR41: 1.0228931 | CS41: 1.0232211 | CT41: 1.0231917 | CU41: 1.0201729 | CV41: 1.0231887 | CW41: 1.0233367 | CX41: 1.0183382 | CY41: 1.0231339 | CZ41: 1.0232691 | DA41: 1.0231308 | DB41: 1.023087 | DC41: 1.023176 | DD41: 1.0236789 | DE41: 1.0230554 | DF41: 1.0231258 | DG41: 1.0236992 | DH41: 1.0231993 | DI41: 1.022443 | DJ41: 1.0231775 | DK41: 1.0228181 | DL41: 1.0231767 | DM41: 1.0232022 | DN41: 1.0232504 | DO41: 1.0232542 | DP41: 1.0231412 | DQ41: 1.0231526 | DR41: 1.0231846 | DS41: 1.0231016 | DT41: 1.0232611 | DU41: 1.0228242 | DV41: 1.0231831 | DW41: 1.0231267 | DX41: 1.0230984 | DY41: 1.0230941 | DZ41: 1.0231736 | EA41: 1.0234093 | EB41: 1.0227071 | EC41: 1.0234627 | ED41: 1.0229642 | EE41: 1.023401 | EF41: 1.0232235 | EG41: 1.0231999 | EH41: 1.0230597 | EI41: 1.0231888 | EJ41: 1.0231686 | EK41: 1.0231832 | EL41: 1.0232597 | EM41: 1.0232088 | EN41: 1.0230558 | EO41: 1.0231755 | EP41: 1.0232834 | EQ41: 1.0220199 | ER41: 1.0232257 | ES41: 1.0236943 | ET41: 1.0232358 | EU41: 1.0218935 | EV41: 1.0229797 | EW41: 1.0237929 | EX41: 1.0232035 | EY41: 1.0232593

Sheet Цепные
A1: time_period | B1: real_treatment | C1: excluded_Говядина бескостная, кг | D1: excluded_Свинина (кроме бескостного мяса), кг | E1: excluded_Свинина бескостная, кг | F1: excluded_Баранина (кроме бескостного мяса), кг | G1: excluded_Куры охлажденные и мороженые, кг | H1: excluded_Окорочка куриные, кг | I1: excluded_Мясо индейки,кг | J1: excluded_Печень говяжья, свиная, кг | K1: excluded_Фарш мясной, кг | L1: excluded_Пельмени, манты, равиоли, кг | M1: excluded_Сосиски, сардельки, кг | N1: excluded_Колбаса полукопченая и варено-копченая, кг | O1: excluded_Колбаса сырокопченая, кг | P1: excluded_Колбаса вареная, кг | Q1: excluded_Кулинарные изделия из птицы, кг | R1: excluded_Консервы мясные, кг | S1: excluded_Консервы мясные для детского питания, кг | T1: excluded_Рыба живая и охлажденная, кг | U1: excluded_Рыба соленая, маринованная, копченая, кг | V1: excluded_Рыба мороженая разделанная (кроме лососевых пород), кг | W1: excluded_Рыба мороженая неразделанная, кг | X1: excluded_Филе рыбное, кг | Y1: excluded_Креветки мороженые неразделанные, кг | Z1: excluded_Кальмары мороженые,кг | AA1: excluded_Сельдь соленая, кг | AB1: excluded_Филе сельди соленое, кг | AC1: excluded_Консервы рыбные натуральные и с добавлением масла, кг | AD1: excluded_Консервы рыбные в томатном соусе, кг | AE1: excluded_Масло сливочное, кг | AF1: excluded_Масло подсолнечное, л | AG1: excluded_Масло оливковое, л | AH1: excluded_Маргарин, кг | AI1: excluded_Молоко питьевое цельное пастеризованное 2,5-3,2% жирности, л | AJ1: excluded_Молоко питьевое цельное пастеризованное более 3,2% жирности, л | AK1: excluded_Сметана, кг | AL1: excluded_Кисломолочные продукты, кг | AM1: excluded_Йогурт, кг | AN1: excluded_Сливки питьевые, л | AO1: excluded_Творог, кг | AP1: excluded_Молоко сгущенное с сахаром, кг | AQ1: excluded_Молоко для детей, л | AR1: excluded_Творожок детский, кг | AS1: excluded_Смеси сухие молочные для детского питания, кг | AT1: excluded_Национальные сыры и брынза, кг | AU1: excluded_Консервы овощные для детского питания, кг | AV1: excluded_Соки фруктовые, л | AW1: excluded_Консервы фруктово-ягодные для детского питания, кг | AX1: excluded_Соль поваренная пищевая, кг | AY1: excluded_Мука пшеничная, кг | AZ1: excluded_Хлеб из ржаной муки и из смеси муки ржаной и пшеничной, кг | BA1: excluded_Хлеб и булочные изделия из пшеничной муки различных сортов, кг | BB1: excluded_Булочные изделия сдобные из муки высшего сорта штучные, кг | BC1: excluded_Бараночные изделия, кг | BD1: excluded_Хлопья из злаков (сухие завтраки), кг | BE1: excluded_Крупа манная, кг | BF1: excluded_Горох и фасоль, кг | BG1: excluded_Крупы овсяная и перловая, кг | BH1: excluded_Овсяные хлопья "Геркулес", кг | BI1: excluded_Вермишель, кг | BJ1: excluded_Макаронные изделия из пшеничной муки высшего сорта, кг | BK1: excluded_Ягоды замороженные, кг | BL1: excluded_Мороженое сливочное, кг | BM1: excluded_Куртка для детей школьного возраста с верхом из плащевых тканей утепленная, шт. | BN1: excluded_Брюки для детей школьного возраста из полушерстяных тканей, шт. | BO1: excluded_Брюки для детей школьного возраста из джинсовой ткани, шт. | BP1: excluded_Рубашка верхняя для мальчиков школьного возраста, шт. | BQ1: excluded_Платье (платье-костюм, сарафан) для девочек школьного возраста, шт. | BR1: excluded_Блузка для девочек школьного возраста, шт. | BS1: excluded_Юбка для девочек школьного возраста, шт. | BT1: excluded_Куртка для детей дошкольного возраста с верхом из плащевых тканей утепленная, шт. | BU1: excluded_Комбинезон (костюм) утепленный для детей дошкольного возраста, шт. | BV1: excluded_Рубашка верхняя для мальчиков дошкольного возраста, шт. | BW1: excluded_Платье (сарафан) летнее для девочек дошкольного возраста, шт. | BX1: excluded_Комбинезон утепленный для детей до одного года, шт. | BY1: excluded_Пеленки для новорожденных, шт. | BZ1: excluded_Ползунки из хлопчатобумажного трикотажного полотна, шт. | CA1: excluded_Белье для новорожденных и детей ясельного возраста, шт. | CB1: excluded_Джемпер для детей школьного возраста, шт. | CC1: excluded_Костюм спортивный для детей школьного возраста, шт. | CD1: excluded_Костюм трикотажный для детей ясельного возраста, шт. | CE1: excluded_Трикотажная шапочка детская, шт. | CF1: excluded_Варежки (перчатки) детские, пара | CG1: excluded_Футболка детская, шт. | CH1: excluded_Трусы детские, шт. | CI1: excluded_Колготки детские, шт. | CJ1: excluded_Носки, гольфы детские, пара | CK1: excluded_Ботинки, полуботинки для детей школьного возраста, пара | CL1: excluded_Ботинки, полуботинки для детей дошкольного возраста, пара | CM1: excluded_Туфли детские летние (сандалеты), пара | CN1: excluded_Обувь домашняя с текстильным верхом для детей, пара | CO1: excluded_Сапоги цельнорезиновые для детей, пара | CP1: excluded_Коляска для новорожденного, шт. | CQ1: excluded_Матрас детский, шт. | CR1: excluded_Кровать для новорожденных,шт. | CS1: excluded_Тетрадь школьная, шт. | CT1: excluded_Альбом для рисования, шт. | CU1: excluded_Подгузники детские бумажные, 10 шт. | CV1: excluded_Набор фломастеров, набор | CW1: excluded_Газета в розницу, шт. | CX1: excluded_Книга художественная, шт. | CY1: excluded_Учебник, учебное пособие, дидактический материал для общеобразовательной школы, шт. | CZ1: excluded_Игрушки пластмассовые для детей ясельного возраста, шт. | DA1: excluded_Игрушки мягкие, шт. | DB1: excluded_Конструктор детский пластмассовый, набор | DC1: excluded_Корригирующие очки, шт. | DD1: excluded_Термометр медицинский электронный стандартный,шт. | DE1: excluded_Аппарат для измерения артериального давления электронный, шт. | DF1: excluded_Шприцы одноразовые, шт. | DG1: excluded_Термометр медицинский безртутный (галинстановый), шт. | DH1: excluded_Метамизол натрия, 10 таблеток | DI1: excluded_Нимесулид, 10 таблеток | DJ1: excluded_Активированный уголь, 250 мг, 10 таблеток | DK1: excluded_Нафазолин, 0,1%, 15 мл | DL1: excluded_Ренгалин, 20 таблеток | DM1: excluded_Йод, 10 мл | DN1: excluded_Левомеколь, мазь, 40 г | DO1: excluded_Мирамистин, 0,01%, 150 мл | DP1: excluded_Валерианы экстракт, 10 таблеток | DQ1: excluded_Валидол, 60 мг, 10 таблеток | DR1: excluded_Корвалол, 25 мл | DS1: excluded_Троксерутин, 2% гель, 40 г | DT1: excluded_Таурин, 4%, 5мл | DU1: excluded_Метилурацил, 10% мазь, 25 г | DV1: excluded_Бинт, шт. | DW1: excluded_Изготовление гроба, шт. | DX1: excluded_Аренда однокомнатной квартиры у частных лиц, месяц | DY1: excluded_Аренда двухкомнатной квартиры у частных лиц, месяц | DZ1: excluded_Проживание в студенческом общежитии, месяц | EA1: excluded_Посещение детского ясли-сада, день | EB1: excluded_Обучение в негосударственных общеобразовательных организациях, месяц | EC1: excluded_Дополнительные занятия в государственных и муниципальных общеобразовательных организациях очной формы обучения, академический час | ED1: excluded_Обучение в образовательных организациях среднего профессионального образования, семестр | EE1: excluded_Кинотеатры, билет | EF1: excluded_Театры, билет | EG1: excluded_Музеи и выставки, билет | EH1: excluded_Первичный консультативный прием у врача специалиста, посещение | EI1: excluded_Ультразвуковое исследование брюшной полости, исследование | EJ1: excluded_Диагностика на магнитно-резонансном или компьютерном томографе, услуга | EK1: excluded_Гастроскопия (ФГДС, ЭГДС), услуга | EL1: excluded_Физиотерапевтическое лечение, процедура | EM1: excluded_Общий анализ крови, анализ | EN1: excluded_Пребывание пациента в круглосуточном стационаре,койко день | EO1: excluded_Первичный консультативный осмотр больного у стоматолога, посещение | EP1: excluded_Удаление зуба под местным обезболиванием, удаление | EQ1: excluded_Изготовление съёмного протеза, протез | ER1: excluded_Изготовление коронки, шт. | ES1: excluded_Лечебный массаж, сеанс | ET1: excluded_Услуги сиделок, час | EU1: excluded_Плата за пользование потребительским кредитом (процентная ставка в стоимостном выражении), руб. | EV1: excluded_Годовая стоимость полиса добровольного страхования жилья от стандартных рисков, полис | EW1: excluded_Годовая стоимость полиса добровольного страхования легкового автомобиля от стандартных рисков, полис | EX1: excluded_Занятия в плавательных бассейнах, месяц | EY1: excluded_Клубная карта в фитнес-клуб, месяц
A2: 1
A3: 2 | B3: =SC!B3/SC!B2*100 -> 99.846791 | C3: =SC!C3/SC!C2*100 -> 99.859519 | D3: =SC!D3/SC!D2*100 -> 99.859683 | E3: =SC!E3/SC!E2*100 -> 99.859788 | F3: =SC!F3/SC!F2*100 -> 99.860911 | G3: =SC!G3/SC!G2*100 -> 99.859505 | H3: =SC!H3/SC!H2*100 -> 99.859004 | I3: =SC!I3/SC!I2*100 -> 99.855435 | ... EY3: =SC!EY3/SC!EY2*100 -> 99.859404
A4: 3 | B4: =SC!B4/SC!B3*100 -> 100.07668 | C4: =SC!C4/SC!C3*100 -> 100.07451 | D4: =SC!D4/SC!D3*100 -> 100.07489 | E4: =SC!E4/SC!E3*100 -> 100.07398 | F4: =SC!F4/SC!F3*100 -> 100.07482 | G4: =SC!G4/SC!G3*100 -> 100.07414 | H4: =SC!H4/SC!H3*100 -> 100.07555 | I4: =SC!I4/SC!I3*100 -> 100.07138 | ... EY4: =SC!EY4/SC!EY3*100 -> 100.07444
A5: 4 | B5: =SC!B5/SC!B4*100 -> 100.09764 | C5: =SC!C5/SC!C4*100 -> 100.06188 | D5: =SC!D5/SC!D4*100 -> 100.05952 | E5: =SC!E5/SC!E4*100 -> 100.06206 | F5: =SC!F5/SC!F4*100 -> 100.06679 | G5: =SC!G5/SC!G4*100 -> 100.0606 | H5: =SC!H5/SC!H4*100 -> 100.06099 | I5: =SC!I5/SC!I4*100 -> 100.07116 | ... EY5: =SC!EY5/SC!EY4*100 -> 100.06135
A6: 5 | B6: =SC!B6/SC!B5*100 -> 100.03952 | C6: =SC!C6/SC!C5*100 -> 100.07437 | D6: =SC!D6/SC!D5*100 -> 100.07569 | E6: =SC!E6/SC!E5*100 -> 100.07392 | F6: =SC!F6/SC!F5*100 -> 100.06396 | G6: =SC!G6/SC!G5*100 -> 100.07634 | H6: =SC!H6/SC!H5*100 -> 100.07408 | I6: =SC!I6/SC!I5*100 -> 100.06057 | ... EY6: =SC!EY6/SC!EY5*100 -> 100.07442
A7: 6 | B7: =SC!B7/SC!B6*100 -> 100.03044 | C7: =SC!C7/SC!C6*100 -> 100.06524 | D7: =SC!D7/SC!D6*100 -> 100.063 | E7: =SC!E7/SC!E6*100 -> 100.06587 | F7: =SC!F7/SC!F6*100 -> 100.07239 | G7: =SC!G7/SC!G6*100 -> 100.06341 | H7: =SC!H7/SC!H6*100 -> 100.06528 | I7: =SC!I7/SC!I6*100 -> 100.08996 | ... EY7: =SC!EY7/SC!EY6*100 -> 100.06455
A8: 7 | B8: =SC!B8/SC!B7*100 -> 100.38793 | C8: =SC!C8/SC!C7*100 -> 100.32352 | D8: =SC!D8/SC!D7*100 -> 100.32595 | E8: =SC!E8/SC!E7*100 -> 100.32343 | F8: =SC!F8/SC!F7*100 -> 100.31763 | G8: =SC!G8/SC!G7*100 -> 100.32502 | H8: =SC!H8/SC!H7*100 -> 100.32366 | I8: =SC!I8/SC!I7*100 -> 100.29827 | ... EY8: =SC!EY8/SC!EY7*100 -> 100.32454
A9: 8 | B9: =SC!B9/SC!B8*100 -> 100.59268 | C9: =SC!C9/SC!C8*100 -> 100.599 | D9: =SC!D9/SC!D8*100 -> 100.59896 | E9: =SC!E9/SC!E8*100 -> 100.59909 | F9: =SC!F9/SC!F8*100 -> 100.60534 | G9: =SC!G9/SC!G8*100 -> 100.59804 | H9: =SC!H9/SC!H8*100 -> 100.5996 | I9: =SC!I9/SC!I8*100 -> 100.61267 | ... EY9: =SC!EY9/SC!EY8*100 -> 100.59989
A10: 9 | B10: =SC!B10/SC!B9*100 -> 100.69775 | C10: =SC!C10/SC!C9*100 -> 100.7214 | D10: =SC!D10/SC!D9*100 -> 100.72225 | E10: =SC!E10/SC!E9*100 -> 100.7219 | F10: =SC!F10/SC!F9*100 -> 100.72318 | G10: =SC!G10/SC!G9*100 -> 100.72256 | H10: =SC!H10/SC!H9*100 -> 100.72223 | I10: =SC!I10/SC!I9*100 -> 100.72082 | ... EY10: =SC!EY10/SC!EY9*100 -> 100.72077
A11: 10 | B11: =SC!B11/SC!B10*100 -> 100.77659 | C11: =SC!C11/SC!C10*100 -> 100.77288 | D11: =SC!D11/SC!D10*100 -> 100.77307 | E11: =SC!E11/SC!E10*100 -> 100.77211 | F11: =SC!F11/SC!F10*100 -> 100.76593 | G11: =SC!G11/SC!G10*100 -> 100.774 | H11: =SC!H11/SC!H10*100 -> 100.77126 | I11: =SC!I11/SC!I10*100 -> 100.77219 | ... EY11: =SC!EY11/SC!EY10*100 -> 100.77283
A12: 11 | B12: =SC!B12/SC!B11*100 -> 100.51125 | C12: =SC!C12/SC!C11*100 -> 100.48867 | D12: =SC!D12/SC!D11*100 -> 100.48799 | E12: =SC!E12/SC!E11*100 -> 100.49162 | F12: =SC!F12/SC!F11*100 -> 100.48981 | G12: =SC!G12/SC!G11*100 -> 100.48539 | H12: =SC!H12/SC!H11*100 -> 100.49027 | I12: =SC!I12/SC!I11*100 -> 100.48308 | ... EY12: =SC!EY12/SC!EY11*100 -> 100.4903
A13: 12 | B13: =SC!B13/SC!B12*100 -> 100.42373 | C13: =SC!C13/SC!C12*100 -> 100.46283 | D13: =SC!D13/SC!D12*100 -> 100.46176 | E13: =SC!E13/SC!E12*100 -> 100.45982 | F13: =SC!F13/SC!F12*100 -> 100.46512 | G13: =SC!G13/SC!G12*100 -> 100.46451 | H13: =SC!H13/SC!H12*100 -> 100.46173 | I13: =SC!I13/SC!I12*100 -> 100.46232 | ... EY13: =SC!EY13/SC!EY12*100 -> 100.4611
A14: 13 | B14: =SC!B14/SC!B13*100 -> 100.48272 | C14: =SC!C14/SC!C13*100 -> 100.46598 | D14: =SC!D14/SC!D13*100 -> 100.46747 | E14: =SC!E14/SC!E13*100 -> 100.46652 | F14: =SC!F14/SC!F13*100 -> 100.46362 | G14: =SC!G14/SC!G13*100 -> 100.46795 | H14: =SC!H14/SC!H13*100 -> 100.46607 | I14: =SC!I14/SC!I13*100 -> 100.47111 | ... EY14: =SC!EY14/SC!EY13*100 -> 100.46624
... A41: 40 | B41: =SC!B41/SC!B40*100 -> 100.35613 | C41: =SC!C41/SC!C40*100 -> 100.24408 | D41: =SC!D41/SC!D40*100 -> 100.23706 | E41: =SC!E41/SC!E40*100 -> 100.24852 | F41: =SC!F41/SC!F40*100 -> 100.23595 | G41: =SC!G41/SC!G40*100 -> 100.24098 | H41: =SC!H41/SC!H40*100 -> 100.24629 | I41: =SC!I41/SC!I40*100 -> 100.24003 | ... EY41: =SC!EY41/SC!EY40*100 -> 100.24815

Sheet Оценка эффекта
A1: time_period | B1: real_treatment | C1: excluded_Говядина бескостная, кг | D1: excluded_Свинина (кроме бескостного мяса), кг | E1: excluded_Свинина бескостная, кг | F1: excluded_Баранина (кроме бескостного мяса), кг | G1: excluded_Куры охлажденные и мороженые, кг | H1: excluded_Окорочка куриные, кг | I1: excluded_Мясо индейки,кг | J1: excluded_Печень говяжья, свиная, кг | K1: excluded_Фарш мясной, кг | L1: excluded_Пельмени, манты, равиоли, кг | M1: excluded_Сосиски, сардельки, кг | N1: excluded_Колбаса полукопченая и варено-копченая, кг | O1: excluded_Колбаса сырокопченая, кг | P1: excluded_Колбаса вареная, кг | Q1: excluded_Кулинарные изделия из птицы, кг | R1: excluded_Консервы мясные, кг | S1: excluded_Консервы мясные для детского питания, кг | T1: excluded_Рыба живая и охлажденная, кг | U1: excluded_Рыба соленая, маринованная, копченая, кг | V1: excluded_Рыба мороженая разделанная (кроме лососевых пород), кг | W1: excluded_Рыба мороженая неразделанная, кг | X1: excluded_Филе рыбное, кг | Y1: excluded_Креветки мороженые неразделанные, кг | Z1: excluded_Кальмары мороженые,кг | AA1: excluded_Сельдь соленая, кг | AB1: excluded_Филе сельди соленое, кг | AC1: excluded_Консервы рыбные натуральные и с добавлением масла, кг | AD1: excluded_Консервы рыбные в томатном соусе, кг | AE1: excluded_Масло сливочное, кг | AF1: excluded_Масло подсолнечное, л | AG1: excluded_Масло оливковое, л | AH1: excluded_Маргарин, кг | AI1: excluded_Молоко питьевое цельное пастеризованное 2,5-3,2% жирности, л | AJ1: excluded_Молоко питьевое цельное пастеризованное более 3,2% жирности, л | AK1: excluded_Сметана, кг | AL1: excluded_Кисломолочные продукты, кг | AM1: excluded_Йогурт, кг | AN1: excluded_Сливки питьевые, л | AO1: excluded_Творог, кг | AP1: excluded_Молоко сгущенное с сахаром, кг | AQ1: excluded_Молоко для детей, л | AR1: excluded_Творожок детский, кг | AS1: excluded_Смеси сухие молочные для детского питания, кг | AT1: excluded_Национальные сыры и брынза, кг | AU1: excluded_Консервы овощные для детского питания, кг | AV1: excluded_Соки фруктовые, л | AW1: excluded_Консервы фруктово-ягодные для детского питания, кг | AX1: excluded_Соль поваренная пищевая, кг | AY1: excluded_Мука пшеничная, кг | AZ1: excluded_Хлеб из ржаной муки и из смеси муки ржаной и пшеничной, кг | BA1: excluded_Хлеб и булочные изделия из пшеничной муки различных сортов, кг | BB1: excluded_Булочные изделия сдобные из муки высшего сорта штучные, кг | BC1: excluded_Бараночные изделия, кг | BD1: excluded_Хлопья из злаков (сухие завтраки), кг | BE1: excluded_Крупа манная, кг | BF1: excluded_Горох и фасоль, кг | BG1: excluded_Крупы овсяная и перловая, кг | BH1: excluded_Овсяные хлопья "Геркулес", кг | BI1: excluded_Вермишель, кг | BJ1: excluded_Макаронные изделия из пшеничной муки высшего сорта, кг | BK1: excluded_Ягоды замороженные, кг | BL1: excluded_Мороженое сливочное, кг | BM1: excluded_Куртка для детей школьного возраста с верхом из плащевых тканей утепленная, шт. | BN1: excluded_Брюки для детей школьного возраста из полушерстяных тканей, шт. | BO1: excluded_Брюки для детей школьного возраста из джинсовой ткани, шт. | BP1: excluded_Рубашка верхняя для мальчиков школьного возраста, шт. | BQ1: excluded_Платье (платье-костюм, сарафан) для девочек школьного возраста, шт. | BR1: excluded_Блузка для девочек школьного возраста, шт. | BS1: excluded_Юбка для девочек школьного возраста, шт. | BT1: excluded_Куртка для детей дошкольного возраста с верхом из плащевых тканей утепленная, шт. | BU1: excluded_Комбинезон (костюм) утепленный для детей дошкольного возраста, шт. | BV1: excluded_Рубашка верхняя для мальчиков дошкольного возраста, шт. | BW1: excluded_Платье (сарафан) летнее для девочек дошкольного возраста, шт. | BX1: excluded_Комбинезон утепленный для детей до одного года, шт. | BY1: excluded_Пеленки для новорожденных, шт. | BZ1: excluded_Ползунки из хлопчатобумажного трикотажного полотна, шт. | CA1: excluded_Белье для новорожденных и детей ясельного возраста, шт. | CB1: excluded_Джемпер для детей школьного возраста, шт. | CC1: excluded_Костюм спортивный для детей школьного возраста, шт. | CD1: excluded_Костюм трикотажный для детей ясельного возраста, шт. | CE1: excluded_Трикотажная шапочка детская, шт. | CF1: excluded_Варежки (перчатки) детские, пара | CG1: excluded_Футболка детская, шт. | CH1: excluded_Трусы детские, шт. | CI1: excluded_Колготки детские, шт. | CJ1: excluded_Носки, гольфы детские, пара | CK1: excluded_Ботинки, полуботинки для детей школьного возраста, пара | CL1: excluded_Ботинки, полуботинки для детей дошкольного возраста, пара | CM1: excluded_Туфли детские летние (сандалеты), пара | CN1: excluded_Обувь домашняя с текстильным верхом для детей, пара | CO1: excluded_Сапоги цельнорезиновые для детей, пара | CP1: excluded_Коляска для новорожденного, шт. | CQ1: excluded_Матрас детский, шт. | CR1: excluded_Кровать для новорожденных,шт. | CS1: excluded_Тетрадь школьная, шт. | CT1: excluded_Альбом для рисования, шт. | CU1: excluded_Подгузники детские бумажные, 10 шт. | CV1: excluded_Набор фломастеров, набор | CW1: excluded_Газета в розницу, шт. | CX1: excluded_Книга художественная, шт. | CY1: excluded_Учебник, учебное пособие, дидактический материал для общеобразовательной школы, шт. | CZ1: excluded_Игрушки пластмассовые для детей ясельного возраста, шт. | DA1: excluded_Игрушки мягкие, шт. | DB1: excluded_Конструктор детский пластмассовый, набор | DC1: excluded_Корригирующие очки, шт. | DD1: excluded_Термометр медицинский электронный стандартный,шт. | DE1: excluded_Аппарат для измерения артериального давления электронный, шт. | DF1: excluded_Шприцы одноразовые, шт. | DG1: excluded_Термометр медицинский безртутный (галинстановый), шт. | DH1: excluded_Метамизол натрия, 10 таблеток | DI1: excluded_Нимесулид, 10 таблеток | DJ1: excluded_Активированный уголь, 250 мг, 10 таблеток | DK1: excluded_Нафазолин, 0,1%, 15 мл | DL1: excluded_Ренгалин, 20 таблеток | DM1: excluded_Йод, 10 мл | DN1: excluded_Левомеколь, мазь, 40 г | DO1: excluded_Мирамистин, 0,01%, 150 мл | DP1: excluded_Валерианы экстракт, 10 таблеток | DQ1: excluded_Валидол, 60 мг, 10 таблеток | DR1: excluded_Корвалол, 25 мл | DS1: excluded_Троксерутин, 2% гель, 40 г | DT1: excluded_Таурин, 4%, 5мл | DU1: excluded_Метилурацил, 10% мазь, 25 г | DV1: excluded_Бинт, шт. | DW1: excluded_Изготовление гроба, шт. | DX1: excluded_Аренда однокомнатной квартиры у частных лиц, месяц | DY1: excluded_Аренда двухкомнатной квартиры у частных лиц, месяц | DZ1: excluded_Проживание в студенческом общежитии, месяц | EA1: excluded_Посещение детского ясли-сада, день | EB1: excluded_Обучение в негосударственных общеобразовательных организациях, месяц | EC1: excluded_Дополнительные занятия в государственных и муниципальных общеобразовательных организациях очной формы обучения, академический час | ED1: excluded_Обучение в образовательных организациях среднего профессионального образования, семестр | EE1: excluded_Кинотеатры, билет | EF1: excluded_Театры, билет | EG1: excluded_Музеи и выставки, билет | EH1: excluded_Первичный консультативный прием у врача специалиста, посещение | EI1: excluded_Ультразвуковое исследование брюшной полости, исследование | EJ1: excluded_Диагностика на магнитно-резонансном или компьютерном томографе, услуга | EK1: excluded_Гастроскопия (ФГДС, ЭГДС), услуга | EL1: excluded_Физиотерапевтическое лечение, процедура | EM1: excluded_Общий анализ крови, анализ | EN1: excluded_Пребывание пациента в круглосуточном стационаре,койко день | EO1: excluded_Первичный консультативный осмотр больного у стоматолога, посещение | EP1: excluded_Удаление зуба под местным обезболиванием, удаление | EQ1: excluded_Изготовление съёмного протеза, протез | ER1: excluded_Изготовление коронки, шт. | ES1: excluded_Лечебный массаж, сеанс | ET1: excluded_Услуги сиделок, час | EU1: excluded_Плата за пользование потребительским кредитом (процентная ставка в стоимостном выражении), руб. | EV1: excluded_Годовая стоимость полиса добровольного страхования жилья от стандартных рисков, полис | EW1: excluded_Годовая стоимость полиса добровольного страхования легкового автомобиля от стандартных рисков, полис | EX1: excluded_Занятия в плавательных бассейнах, месяц | EY1: excluded_Клубная карта в фитнес-клуб, месяц
A2: 34 | C2: =Цепные!$B35-Цепные!C35 -> 0.19334764 | D2: =Цепные!$B35-Цепные!D35 -> 0.21807975 | E2: =Цепные!$B35-Цепные!E35 -> 0.18515781 | F2: =Цепные!$B35-Цепные!F35 -> 0.15863363 | G2: =Цепные!$B35-Цепные!G35 -> 0.21332529 | H2: =Цепные!$B35-Цепные!H35 -> 0.1845308 | I2: =Цепные!$B35-Цепные!I35 -> 0.247629 | J2: =Цепные!$B35-Цепные!J35 -> 0.19754956 | ... EY2: =Цепные!$B35-Цепные!EY35 -> 0.19321667
A3: 35 | C3: =Цепные!$B36-Цепные!C36 -> 0.093126619 | D3: =Цепные!$B36-Цепные!D36 -> 0.10644305 | E3: =Цепные!$B36-Цепные!E36 -> 0.088256252 | F3: =Цепные!$B36-Цепные!F36 -> 0.075083702 | G3: =Цепные!$B36-Цепные!G36 -> 0.093832456 | H3: =Цепные!$B36-Цепные!H36 -> 0.084407408 | I3: =Цепные!$B36-Цепные!I36 -> 0.29643814 | J3: =Цепные!$B36-Цепные!J36 -> 0.094247772 | ... EY3: =Цепные!$B36-Цепные!EY36 -> 0.091750049
A4: 36 | C4: =Цепные!$B37-Цепные!C37 -> 0.13820803 | D4: =Цепные!$B37-Цепные!D37 -> 0.14638237 | E4: =Цепные!$B37-Цепные!E37 -> 0.13277833 | F4: =Цепные!$B37-Цепные!F37 -> 0.12248253 | G4: =Цепные!$B37-Цепные!G37 -> 0.14666241 | H4: =Цепные!$B37-Цепные!H37 -> 0.12786316 | I4: =Цепные!$B37-Цепные!I37 -> 0.22765484 | J4: =Цепные!$B37-Цепные!J37 -> 0.13951341 | ... EY4: =Цепные!$B37-Цепные!EY37 -> 0.13608495
A5: 37 | C5: =Цепные!$B38-Цепные!C38 -> 0.41139735 | D5: =Цепные!$B38-Цепные!D38 -> 0.42617815 | E5: =Цепные!$B38-Цепные!E38 -> 0.41137307 | F5: =Цепные!$B38-Цепные!F38 -> 0.37863406 | G5: =Цепные!$B38-Цепные!G38 -> 0.42591319 | H5: =Цепные!$B38-Цепные!H38 -> 0.40943491 | I5: =Цепные!$B38-Цепные!I38 -> 0.54802645 | J5: =Цепные!$B38-Цепные!J38 -> 0.41506223 | ... EY5: =Цепные!$B38-Цепные!EY38 -> 0.41081884
A6: 38 | C6: =Цепные!$B39-Цепные!C39 -> 0.30501477 | D6: =Цепные!$B39-Цепные!D39 -> 0.31466336 | E6: =Цепные!$B39-Цепные!E39 -> 0.29722896 | F6: =Цепные!$B39-Цепные!F39 -> 0.34052178 | G6: =Цепные!$B39-Цепные!G39 -> 0.31235151 | H6: =Цепные!$B39-Цепные!H39 -> 0.29904998 | I6: =Цепные!$B39-Цепные!I39 -> 0.41358243 | J6: =Цепные!$B39-Цепные!J39 -> 0.30583228 | ... EY6: =Цепные!$B39-Цепные!EY39 -> 0.30182904
A7: 39 | C7: =Цепные!$B40-Цепные!C40 -> 0.1416006 | D7: =Цепные!$B40-Цепные!D40 -> 0.17042689 | E7: =Цепные!$B40-Цепные!E40 -> 0.13545428 | F7: =Цепные!$B40-Цепные!F40 -> 0.10519376 | G7: =Цепные!$B40-Цепные!G40 -> 0.15763725 | H7: =Цепные!$B40-Цепные!H40 -> 0.14124453 | I7: =Цепные!$B40-Цепные!I40 -> 0.27257988 | J7: =Цепные!$B40-Цепные!J40 -> 0.14588072 | ... EY7: =Цепные!$B40-Цепные!EY40 -> 0.14211748
A8: 40 | C8: =Цепные!$B41-Цепные!C41 -> 0.11205008 | D8: =Цепные!$B41-Цепные!D41 -> 0.11907175 | E8: =Цепные!$B41-Цепные!E41 -> 0.10761377 | F8: =Цепные!$B41-Цепные!F41 -> 0.12018149 | G8: =Цепные!$B41-Цепные!G41 -> 0.11515241 | H8: =Цепные!$B41-Цепные!H41 -> 0.10983827 | I8: =Цепные!$B41-Цепные!I41 -> 0.1161034 | J8: =Цепные!$B41-Цепные!J41 -> 0.11245878 | ... EY8: =Цепные!$B41-Цепные!EY41 -> 0.10798618
B11: МЕДИАНА | C11: СРЕДНЕЕ | D11: 2,5% процентиль | E11: 97,5% процентиль | F11: 1% процентиль | G11: 99% процентиль | H11: МИН | I11: МАКС
A12: 34 | B12: =MEDIAN(C2:EY2) -> 0.1939082 | C12: =AVERAGE(C2:EY2) -> 0.19539896 | D12: =_xlfn.PERCENTILE.EXC(C2:EY2, 0.025) -> 0.1556749 | E12: =_xlfn.PERCENTILE.EXC(C2:EY2, 0.975) -> 0.23450748 | F12: =_xlfn.PERCENTILE.EXC(C2:EY2, 0.01) -> 0.11638835 | G12: =_xlfn.PERCENTILE.EXC(C2:EY2, 0.99) -> 0.26043331 | H12: =MIN(C2:EY2) -> 0.11379094 | I12: =MAX(C2:EY2) -> 0.26581939
A13: 35 | B13: =MEDIAN(C3:EY3) -> 0.092711354 | C13: =AVERAGE(C3:EY3) -> 0.094491744 | D13: =_xlfn.PERCENTILE.EXC(C3:EY3, 0.025) -> 0.065124628 | E13: =_xlfn.PERCENTILE.EXC(C3:EY3, 0.975) -> 0.14284754 | F13: =_xlfn.PERCENTILE.EXC(C3:EY3, 0.01) -> 0.031389364 | G13: =_xlfn.PERCENTILE.EXC(C3:EY3, 0.99) -> 0.24571984 | H13: =MIN(C3:EY3) -> 0.012011699 | I13: =MAX(C3:EY3) -> 0.29643814
A14: 36 | B14: =MEDIAN(C4:EY4) -> 0.13687395 | C14: =AVERAGE(C4:EY4) -> 0.13959365 | D14: =_xlfn.PERCENTILE.EXC(C4:EY4, 0.025) -> 0.12656146 | E14: =_xlfn.PERCENTILE.EXC(C4:EY4, 0.975) -> 0.18486056 | F14: =_xlfn.PERCENTILE.EXC(C4:EY4, 0.01) -> 0.12165286 | G14: =_xlfn.PERCENTILE.EXC(C4:EY4, 0.99) -> 0.20621429 | H14: =MIN(C4:EY4) -> 0.1206789 | I14: =MAX(C4:EY4) -> 0.22765484
A15: 37 | B15: =MEDIAN(C5:EY5) -> 0.41244192 | C15: =AVERAGE(C5:EY5) -> 0.41431621 | D15: =_xlfn.PERCENTILE.EXC(C5:EY5, 0.025) -> 0.3861892 | E15: =_xlfn.PERCENTILE.EXC(C5:EY5, 0.975) -> 0.45049698 | F15: =_xlfn.PERCENTILE.EXC(C5:EY5, 0.01) -> 0.36251528 | G15: =_xlfn.PERCENTILE.EXC(C5:EY5, 0.99) -> 0.50418524 | H15: =MIN(C5:EY5) -> 0.34359323 | I15: =MAX(C5:EY5) -> 0.54802645
A16: 38 | B16: =MEDIAN(C6:EY6) -> 0.30447816 | C16: =AVERAGE(C6:EY6) -> 0.30835906 | D16: =_xlfn.PERCENTILE.EXC(C6:EY6, 0.025) -> 0.2925209 | E16: =_xlfn.PERCENTILE.EXC(C6:EY6, 0.975) -> 0.35954636 | F16: =_xlfn.PERCENTILE.EXC(C6:EY6, 0.01) -> 0.28528939 | G16: =_xlfn.PERCENTILE.EXC(C6:EY6, 0.99) -> 0.41644225 | H16: =MIN(C6:EY6) -> 0.2844368 | I16: =MAX(C6:EY6) -> 0.41979943
A17: 39 | B17: =MEDIAN(C7:EY7) -> 0.14312223 | C17: =AVERAGE(C7:EY7) -> 0.14612341 | D17: =_xlfn.PERCENTILE.EXC(C7:EY7, 0.025) -> 0.11314163 | E17: =_xlfn.PERCENTILE.EXC(C7:EY7, 0.975) -> 0.19982647 | F17: =_xlfn.PERCENTILE.EXC(C7:EY7, 0.01) -> 0.054862414 | G17: =_xlfn.PERCENTILE.EXC(C7:EY7, 0.99) -> 0.25764169 | H17: =MIN(C7:EY7) -> 0.024062919 | I17: =MAX(C7:EY7) -> 0.27257988
A18: 40 | B18: =MEDIAN(C8:EY8) -> 0.11129635 | C18: =AVERAGE(C8:EY8) -> 0.11131832 | D18: =_xlfn.PERCENTILE.EXC(C8:EY8, 0.025) -> 0.085892977 | E18: =_xlfn.PERCENTILE.EXC(C8:EY8, 0.975) -> 0.13674735 | F18: =_xlfn.PERCENTILE.EXC(C8:EY8, 0.01) -> 0.06453708 | G18: =_xlfn.PERCENTILE.EXC(C8:EY8, 0.99) -> 0.16447927 | H18: =MIN(C8:EY8) -> 0.050880814 | I18: =MAX(C8:EY8) -> 0.18221297
B21: 45931 | C21: 45962 | D21: 45992 | E21: 46023 | F21: 46054 | G21: 46082 | H21: 46113
A22: МЕДИАНА | B22: 0.1939082 | C22: 0.092711354 | D22: 0.13687395 | E22: 0.41244192 | F22: 0.30447816 | G22: 0.14312223 | H22: 0.11129635 | I22: =SUM(B22:H22) -> 1.3948322
A23: СРЕДНЕЕ | B23: 0.19539896 | C23: 0.094491744 | D23: 0.13959365 | E23: 0.41431621 | F23: 0.30835906 | G23: 0.14612341 | H23: 0.11131832 | I23: =SUM(B23:H23) -> 1.4096014
A24: 2,5% процентиль | B24: 0.1556749 | C24: 0.065124628 | D24: 0.12656146 | E24: 0.3861892 | F24: 0.2925209 | G24: 0.11314163 | H24: 0.085892977 | I24: =SUM(B24:H24) -> 1.2251057
A25: 97,5% процентиль | B25: 0.23450748 | C25: 0.14284754 | D25: 0.18486056 | E25: 0.45049698 | F25: 0.35954636 | G25: 0.19982647 | H25: 0.13674735 | I25: =SUM(B25:H25) -> 1.7088327
